,Detector Type,Descriptor Type,Matcher Type,Selector Type,ttcLidar,ttcCamera
0,FAST,BRISK,MAT_BF,SEL_NN,12.6142,-625.31
1,FAST,BRISK,MAT_BF,SEL_NN,14.091,-0.686391
2,FAST,BRISK,MAT_BF,SEL_NN,16.6894,-14.3717
3,FAST,BRISK,MAT_BF,SEL_NN,15.7465,-36.4424
4,FAST,BRISK,MAT_BF,SEL_NN,12.7835,-0.536231
5,FAST,BRISK,MAT_BF,SEL_NN,11.9844,-9.80103
6,FAST,BRISK,MAT_BF,SEL_NN,13.1241,-1.05721
7,FAST,BRISK,MAT_BF,SEL_NN,13.0241,-1.20359
8,FAST,BRISK,MAT_BF,SEL_NN,11.1746,-39.7114
9,FAST,BRISK,MAT_BF,SEL_NN,12.8086,-113.652
10,FAST,BRISK,MAT_BF,SEL_NN,8.95978,-11.7726
11,FAST,BRISK,MAT_BF,SEL_NN,9.96439,-225.31
12,FAST,BRISK,MAT_BF,SEL_NN,9.59863,-1.07179
13,FAST,BRISK,MAT_BF,SEL_NN,8.52157,-2.4456599999999997
14,FAST,BRISK,MAT_BF,SEL_NN,9.51552,-133.282
15,FAST,BRISK,MAT_BF,SEL_NN,9.61241,25.4466
16,FAST,BRISK,MAT_BF,SEL_NN,8.3988,-114.59
0,SIFT,BRIEF,MAT_FLANN,SEL_KNN,12.6142,14.3372
1,SIFT,BRIEF,MAT_FLANN,SEL_KNN,14.091,15.0801
2,SIFT,BRIEF,MAT_FLANN,SEL_KNN,16.6894,21.4355
3,SIFT,BRIEF,MAT_FLANN,SEL_KNN,15.7465,13.5967
4,SIFT,BRIEF,MAT_FLANN,SEL_KNN,12.7835,12.5584
5,SIFT,BRIEF,MAT_FLANN,SEL_KNN,11.9844,14.5816
6,SIFT,BRIEF,MAT_FLANN,SEL_KNN,13.1241,15.4797
7,SIFT,BRIEF,MAT_FLANN,SEL_KNN,13.0241,13.167
8,SIFT,BRIEF,MAT_FLANN,SEL_KNN,11.1746,10.3097
9,SIFT,BRIEF,MAT_FLANN,SEL_KNN,12.8086,13.0457
10,SIFT,BRIEF,MAT_FLANN,SEL_KNN,8.95978,9.87036
11,SIFT,BRIEF,MAT_FLANN,SEL_KNN,9.96439,9.99456
12,SIFT,BRIEF,MAT_FLANN,SEL_KNN,9.59863,9.2679
13,SIFT,BRIEF,MAT_FLANN,SEL_KNN,8.52157,9.99457
14,SIFT,BRIEF,MAT_FLANN,SEL_KNN,9.51552,9.069230000000001
15,SIFT,BRIEF,MAT_FLANN,SEL_KNN,9.61241,8.94618
16,SIFT,BRIEF,MAT_FLANN,SEL_KNN,8.3988,9.232569999999999
0,FAST,BRISK,MAT_FLANN,SEL_NN,12.6142,-12.1029
1,FAST,BRISK,MAT_FLANN,SEL_NN,14.091,-0.8504790000000001
2,FAST,BRISK,MAT_FLANN,SEL_NN,16.6894,-22.2341
3,FAST,BRISK,MAT_FLANN,SEL_NN,15.7465,-11.8152
4,FAST,BRISK,MAT_FLANN,SEL_NN,12.7835,-0.531104
5,FAST,BRISK,MAT_FLANN,SEL_NN,11.9844,-2.07715
6,FAST,BRISK,MAT_FLANN,SEL_NN,13.1241,-1.25928
7,FAST,BRISK,MAT_FLANN,SEL_NN,13.0241,-0.92909
8,FAST,BRISK,MAT_FLANN,SEL_NN,11.1746,-10.6158
9,FAST,BRISK,MAT_FLANN,SEL_NN,12.8086,-5.8122
10,FAST,BRISK,MAT_FLANN,SEL_NN,8.95978,-38.7024
11,FAST,BRISK,MAT_FLANN,SEL_NN,9.96439,-77.8812
12,FAST,BRISK,MAT_FLANN,SEL_NN,9.59863,-1.15547
13,FAST,BRISK,MAT_FLANN,SEL_NN,8.52157,-6.52974
14,FAST,BRISK,MAT_FLANN,SEL_NN,9.51552,-1.7892400000000002
15,FAST,BRISK,MAT_FLANN,SEL_NN,9.61241,-inf
16,FAST,BRISK,MAT_FLANN,SEL_NN,8.3988,-inf
0,ORB,BRIEF,MAT_BF,SEL_NN,12.6142,22.035999999999998
1,ORB,BRIEF,MAT_BF,SEL_NN,14.091,82.7744
2,ORB,BRIEF,MAT_BF,SEL_NN,16.6894,25.369
3,ORB,BRIEF,MAT_BF,SEL_NN,15.7465,-inf
4,ORB,BRIEF,MAT_BF,SEL_NN,12.7835,21.1448
5,ORB,BRIEF,MAT_BF,SEL_NN,11.9844,-inf
6,ORB,BRIEF,MAT_BF,SEL_NN,13.1241,55.2338
7,ORB,BRIEF,MAT_BF,SEL_NN,13.0241,13.2757
8,ORB,BRIEF,MAT_BF,SEL_NN,11.1746,10.8056
9,ORB,BRIEF,MAT_BF,SEL_NN,12.8086,12.5439
10,ORB,BRIEF,MAT_BF,SEL_NN,8.95978,19.3317
11,ORB,BRIEF,MAT_BF,SEL_NN,9.96439,10.4454
12,ORB,BRIEF,MAT_BF,SEL_NN,9.59863,9.52983
13,ORB,BRIEF,MAT_BF,SEL_NN,8.52157,10.0577
14,ORB,BRIEF,MAT_BF,SEL_NN,9.51552,13.5694
15,ORB,BRIEF,MAT_BF,SEL_NN,9.61241,18.7859
16,ORB,BRIEF,MAT_BF,SEL_NN,8.3988,13.2439
0,ORB,BRISK,MAT_FLANN,SEL_KNN,12.6142,12.9679
1,ORB,BRISK,MAT_FLANN,SEL_KNN,15.7465,77.2579
2,ORB,BRISK,MAT_FLANN,SEL_KNN,12.7835,11.8929
3,ORB,BRISK,MAT_FLANN,SEL_KNN,11.9844,16.7346
4,ORB,BRISK,MAT_FLANN,SEL_KNN,13.0241,13.1285
5,ORB,BRISK,MAT_FLANN,SEL_KNN,11.1746,19.472
6,ORB,BRISK,MAT_FLANN,SEL_KNN,12.8086,8.25953
7,ORB,BRISK,MAT_FLANN,SEL_KNN,8.95978,-inf
8,ORB,BRISK,MAT_FLANN,SEL_KNN,9.96439,9.47182
9,ORB,BRISK,MAT_FLANN,SEL_KNN,9.59863,9.58532
10,ORB,BRISK,MAT_FLANN,SEL_KNN,8.52157,8.72363
11,ORB,BRISK,MAT_FLANN,SEL_KNN,9.61241,12.4886
12,ORB,BRISK,MAT_FLANN,SEL_KNN,8.3988,25.6678
0,SIFT,SIFT,MAT_BF,SEL_KNN,12.6142,12.5655
1,SIFT,SIFT,MAT_BF,SEL_KNN,14.091,13.1739
2,SIFT,SIFT,MAT_BF,SEL_KNN,16.6894,19.6445
3,SIFT,SIFT,MAT_BF,SEL_KNN,15.7465,15.2698
4,SIFT,SIFT,MAT_BF,SEL_KNN,12.7835,11.1131
5,SIFT,SIFT,MAT_BF,SEL_KNN,11.9844,13.9096
6,SIFT,SIFT,MAT_BF,SEL_KNN,13.1241,15.6277
7,SIFT,SIFT,MAT_BF,SEL_KNN,13.0241,15.0391
8,SIFT,SIFT,MAT_BF,SEL_KNN,11.1746,10.5698
9,SIFT,SIFT,MAT_BF,SEL_KNN,12.8086,11.7091
10,SIFT,SIFT,MAT_BF,SEL_KNN,8.95978,11.6299
11,SIFT,SIFT,MAT_BF,SEL_KNN,9.96439,9.248280000000001
12,SIFT,SIFT,MAT_BF,SEL_KNN,9.59863,10.644
13,SIFT,SIFT,MAT_BF,SEL_KNN,8.52157,10.4393
14,SIFT,SIFT,MAT_BF,SEL_KNN,9.51552,9.57995
15,SIFT,SIFT,MAT_BF,SEL_KNN,9.61241,8.88504
16,SIFT,SIFT,MAT_BF,SEL_KNN,8.3988,9.01264
0,BRISK,SIFT,MAT_FLANN,SEL_NN,12.6142,23.8015
1,BRISK,SIFT,MAT_FLANN,SEL_NN,14.091,30.4256
2,BRISK,SIFT,MAT_FLANN,SEL_NN,16.6894,44.6885
3,BRISK,SIFT,MAT_FLANN,SEL_NN,15.7465,-78.4701
4,BRISK,SIFT,MAT_FLANN,SEL_NN,12.7835,36.2501
5,BRISK,SIFT,MAT_FLANN,SEL_NN,11.9844,24.359
6,BRISK,SIFT,MAT_FLANN,SEL_NN,13.1241,-486.791
7,BRISK,SIFT,MAT_FLANN,SEL_NN,13.0241,15.206
8,BRISK,SIFT,MAT_FLANN,SEL_NN,11.1746,22.2695
9,BRISK,SIFT,MAT_FLANN,SEL_NN,12.8086,15.7346
10,BRISK,SIFT,MAT_FLANN,SEL_NN,8.95978,13.6235
11,BRISK,SIFT,MAT_FLANN,SEL_NN,9.96439,14.5979
12,BRISK,SIFT,MAT_FLANN,SEL_NN,9.59863,14.7713
13,BRISK,SIFT,MAT_FLANN,SEL_NN,8.52157,15.9427
14,BRISK,SIFT,MAT_FLANN,SEL_NN,9.51552,12.5246
15,BRISK,SIFT,MAT_FLANN,SEL_NN,9.61241,14.5907
16,BRISK,SIFT,MAT_FLANN,SEL_NN,8.3988,15.2556
0,FAST,BRIEF,MAT_BF,SEL_KNN,12.6142,11.7583
1,FAST,BRIEF,MAT_BF,SEL_KNN,14.091,13.955
2,FAST,BRIEF,MAT_BF,SEL_KNN,16.6894,13.1371
3,FAST,BRIEF,MAT_BF,SEL_KNN,15.7465,14.8298
4,FAST,BRIEF,MAT_BF,SEL_KNN,12.7835,13.5942
5,FAST,BRIEF,MAT_BF,SEL_KNN,11.9844,13.2774
6,FAST,BRIEF,MAT_BF,SEL_KNN,13.1241,12.7751
7,FAST,BRIEF,MAT_BF,SEL_KNN,13.0241,12.8008
8,FAST,BRIEF,MAT_BF,SEL_KNN,11.1746,13.0092
9,FAST,BRIEF,MAT_BF,SEL_KNN,12.8086,11.8734
10,FAST,BRIEF,MAT_BF,SEL_KNN,8.95978,11.5256
11,FAST,BRIEF,MAT_BF,SEL_KNN,9.96439,11.7066
12,FAST,BRIEF,MAT_BF,SEL_KNN,9.59863,10.6452
13,FAST,BRIEF,MAT_BF,SEL_KNN,8.52157,11.5312
14,FAST,BRIEF,MAT_BF,SEL_KNN,9.51552,10.323
15,FAST,BRIEF,MAT_BF,SEL_KNN,9.61241,9.89452
16,FAST,BRIEF,MAT_BF,SEL_KNN,8.3988,11.5081
0,SHITOMASI,BRISK,MAT_BF,SEL_NN,12.6142,-46.6734
1,SHITOMASI,BRISK,MAT_BF,SEL_NN,14.091,-1.3302100000000001
2,SHITOMASI,BRISK,MAT_BF,SEL_NN,16.6894,-0.322125
3,SHITOMASI,BRISK,MAT_BF,SEL_NN,15.7465,-2.39595
4,SHITOMASI,BRISK,MAT_BF,SEL_NN,12.7835,-10.6638
5,SHITOMASI,BRISK,MAT_BF,SEL_NN,11.9844,-inf
6,SHITOMASI,BRISK,MAT_BF,SEL_NN,13.1241,-1.09513
7,SHITOMASI,BRISK,MAT_BF,SEL_NN,13.0241,18.3625
8,SHITOMASI,BRISK,MAT_BF,SEL_NN,11.1746,-1.5060200000000001
9,SHITOMASI,BRISK,MAT_BF,SEL_NN,12.8086,-1.12676
10,SHITOMASI,BRISK,MAT_BF,SEL_NN,8.95978,50.0091
11,SHITOMASI,BRISK,MAT_BF,SEL_NN,9.96439,-0.862186
12,SHITOMASI,BRISK,MAT_BF,SEL_NN,9.59863,24.4198
13,SHITOMASI,BRISK,MAT_BF,SEL_NN,8.52157,14.5119
14,SHITOMASI,BRISK,MAT_BF,SEL_NN,9.51552,-0.241648
15,SHITOMASI,BRISK,MAT_BF,SEL_NN,9.61241,-inf
16,SHITOMASI,BRISK,MAT_BF,SEL_NN,8.3988,12.3812
0,BRISK,SIFT,MAT_BF,SEL_KNN,12.5156,12.9834
1,BRISK,SIFT,MAT_BF,SEL_KNN,12.6142,16.0654
2,BRISK,SIFT,MAT_BF,SEL_KNN,14.091,16.6949
3,BRISK,SIFT,MAT_BF,SEL_KNN,16.6894,12.5648
4,BRISK,SIFT,MAT_BF,SEL_KNN,15.7465,26.358
5,BRISK,SIFT,MAT_BF,SEL_KNN,12.7835,14.504000000000001
6,BRISK,SIFT,MAT_BF,SEL_KNN,11.9844,13.9999
7,BRISK,SIFT,MAT_BF,SEL_KNN,13.1241,17.0295
8,BRISK,SIFT,MAT_BF,SEL_KNN,13.0241,17.8988
9,BRISK,SIFT,MAT_BF,SEL_KNN,11.1746,14.6452
10,BRISK,SIFT,MAT_BF,SEL_KNN,12.8086,15.9857
11,BRISK,SIFT,MAT_BF,SEL_KNN,8.95978,11.7122
12,BRISK,SIFT,MAT_BF,SEL_KNN,9.96439,13.3127
13,BRISK,SIFT,MAT_BF,SEL_KNN,9.59863,10.5612
14,BRISK,SIFT,MAT_BF,SEL_KNN,8.52157,14.2108
15,BRISK,SIFT,MAT_BF,SEL_KNN,9.51552,11.0452
16,BRISK,SIFT,MAT_BF,SEL_KNN,9.61241,10.1474
17,BRISK,SIFT,MAT_BF,SEL_KNN,8.3988,12.3189
0,BRISK,FREAK,MAT_BF,SEL_KNN,12.6142,24.136999999999997
1,BRISK,FREAK,MAT_BF,SEL_KNN,14.091,13.9605
2,BRISK,FREAK,MAT_BF,SEL_KNN,16.6894,13.9445
3,BRISK,FREAK,MAT_BF,SEL_KNN,15.7465,23.0697
4,BRISK,FREAK,MAT_BF,SEL_KNN,12.7835,16.8726
5,BRISK,FREAK,MAT_BF,SEL_KNN,11.9844,15.5199
6,BRISK,FREAK,MAT_BF,SEL_KNN,13.1241,18.7996
7,BRISK,FREAK,MAT_BF,SEL_KNN,13.0241,14.9704
8,BRISK,FREAK,MAT_BF,SEL_KNN,11.1746,13.7438
9,BRISK,FREAK,MAT_BF,SEL_KNN,12.8086,12.8798
10,BRISK,FREAK,MAT_BF,SEL_KNN,8.95978,11.4537
11,BRISK,FREAK,MAT_BF,SEL_KNN,9.96439,11.4422
12,BRISK,FREAK,MAT_BF,SEL_KNN,9.59863,11.2969
13,BRISK,FREAK,MAT_BF,SEL_KNN,8.52157,13.3442
14,BRISK,FREAK,MAT_BF,SEL_KNN,9.51552,10.3718
15,BRISK,FREAK,MAT_BF,SEL_KNN,9.61241,9.33041
16,BRISK,FREAK,MAT_BF,SEL_KNN,8.3988,10.9372
0,ORB,SIFT,MAT_FLANN,SEL_KNN,12.6142,10.0219
1,ORB,SIFT,MAT_FLANN,SEL_KNN,15.7465,167.62900000000002
2,ORB,SIFT,MAT_FLANN,SEL_KNN,12.7835,26.8043
3,ORB,SIFT,MAT_FLANN,SEL_KNN,11.9844,-inf
4,ORB,SIFT,MAT_FLANN,SEL_KNN,13.1241,10.4477
5,ORB,SIFT,MAT_FLANN,SEL_KNN,13.0241,13.9168
6,ORB,SIFT,MAT_FLANN,SEL_KNN,11.1746,12.7391
7,ORB,SIFT,MAT_FLANN,SEL_KNN,12.8086,10.1214
8,ORB,SIFT,MAT_FLANN,SEL_KNN,8.95978,-inf
9,ORB,SIFT,MAT_FLANN,SEL_KNN,9.96439,7.87863
10,ORB,SIFT,MAT_FLANN,SEL_KNN,9.59863,18.4901
11,ORB,SIFT,MAT_FLANN,SEL_KNN,8.52157,16.5521
12,ORB,SIFT,MAT_FLANN,SEL_KNN,8.3988,11.2833
0,FAST,BRIEF,MAT_FLANN,SEL_NN,12.5156,13.4806
1,FAST,BRIEF,MAT_FLANN,SEL_NN,12.6142,18.7164
2,FAST,BRIEF,MAT_FLANN,SEL_NN,14.091,19.3281
3,FAST,BRIEF,MAT_FLANN,SEL_NN,16.6894,14.404000000000002
4,FAST,BRIEF,MAT_FLANN,SEL_NN,15.7465,15.8156
5,FAST,BRIEF,MAT_FLANN,SEL_NN,12.7835,14.4041
6,FAST,BRIEF,MAT_FLANN,SEL_NN,11.9844,14.558
7,FAST,BRIEF,MAT_FLANN,SEL_NN,13.1241,13.8055
8,FAST,BRIEF,MAT_FLANN,SEL_NN,13.0241,13.9931
9,FAST,BRIEF,MAT_FLANN,SEL_NN,11.1746,14.6403
10,FAST,BRIEF,MAT_FLANN,SEL_NN,12.8086,12.0962
11,FAST,BRIEF,MAT_FLANN,SEL_NN,8.95978,11.9536
12,FAST,BRIEF,MAT_FLANN,SEL_NN,9.96439,12.9008
13,FAST,BRIEF,MAT_FLANN,SEL_NN,9.59863,10.7957
14,FAST,BRIEF,MAT_FLANN,SEL_NN,8.52157,12.0753
15,FAST,BRIEF,MAT_FLANN,SEL_NN,9.51552,12.3345
16,FAST,BRIEF,MAT_FLANN,SEL_NN,9.61241,10.5197
17,FAST,BRIEF,MAT_FLANN,SEL_NN,8.3988,11.9967
0,SIFT,FREAK,MAT_BF,SEL_NN,12.6142,28.5789
1,SIFT,FREAK,MAT_BF,SEL_NN,14.091,111.109
2,SIFT,FREAK,MAT_BF,SEL_NN,16.6894,-0.714372
3,SIFT,FREAK,MAT_BF,SEL_NN,15.7465,242.364
4,SIFT,FREAK,MAT_BF,SEL_NN,12.7835,-0.289576
5,SIFT,FREAK,MAT_BF,SEL_NN,11.9844,-0.265018
6,SIFT,FREAK,MAT_BF,SEL_NN,13.1241,-1.91009
7,SIFT,FREAK,MAT_BF,SEL_NN,13.0241,-3.88365
8,SIFT,FREAK,MAT_BF,SEL_NN,11.1746,19.6274
9,SIFT,FREAK,MAT_BF,SEL_NN,12.8086,-4.37165
10,SIFT,FREAK,MAT_BF,SEL_NN,8.95978,-0.9641629999999999
11,SIFT,FREAK,MAT_BF,SEL_NN,9.96439,14.1026
12,SIFT,FREAK,MAT_BF,SEL_NN,9.59863,19.423
13,SIFT,FREAK,MAT_BF,SEL_NN,8.52157,-0.301821
14,SIFT,FREAK,MAT_BF,SEL_NN,9.51552,19.5936
15,SIFT,FREAK,MAT_BF,SEL_NN,9.61241,10.3889
16,SIFT,FREAK,MAT_BF,SEL_NN,8.3988,16.1593
0,FAST,ORB,MAT_FLANN,SEL_NN,12.6142,12.9348
1,FAST,ORB,MAT_FLANN,SEL_NN,14.091,21.6026
2,FAST,ORB,MAT_FLANN,SEL_NN,16.6894,16.2376
3,FAST,ORB,MAT_FLANN,SEL_NN,15.7465,20.9978
4,FAST,ORB,MAT_FLANN,SEL_NN,12.7835,15.7769
5,FAST,ORB,MAT_FLANN,SEL_NN,11.9844,17.6124
6,FAST,ORB,MAT_FLANN,SEL_NN,13.1241,21.2019
7,FAST,ORB,MAT_FLANN,SEL_NN,13.0241,14.5435
8,FAST,ORB,MAT_FLANN,SEL_NN,11.1746,14.8251
9,FAST,ORB,MAT_FLANN,SEL_NN,12.8086,12.8249
10,FAST,ORB,MAT_FLANN,SEL_NN,8.95978,12.2277
11,FAST,ORB,MAT_FLANN,SEL_NN,9.96439,13.6277
12,FAST,ORB,MAT_FLANN,SEL_NN,9.59863,11.4661
13,FAST,ORB,MAT_FLANN,SEL_NN,8.52157,12.1527
14,FAST,ORB,MAT_FLANN,SEL_NN,9.51552,11.6232
15,FAST,ORB,MAT_FLANN,SEL_NN,9.61241,11.4744
16,FAST,ORB,MAT_FLANN,SEL_NN,8.3988,12.5199
0,FAST,FREAK,MAT_FLANN,SEL_KNN,12.5156,12.0538
1,FAST,FREAK,MAT_FLANN,SEL_KNN,12.6142,12.5571
2,FAST,FREAK,MAT_FLANN,SEL_KNN,14.091,13.2302
3,FAST,FREAK,MAT_FLANN,SEL_KNN,16.6894,13.8904
4,FAST,FREAK,MAT_FLANN,SEL_KNN,15.7465,13.0737
5,FAST,FREAK,MAT_FLANN,SEL_KNN,12.7835,12.2185
6,FAST,FREAK,MAT_FLANN,SEL_KNN,11.9844,12.954
7,FAST,FREAK,MAT_FLANN,SEL_KNN,13.1241,12.5567
8,FAST,FREAK,MAT_FLANN,SEL_KNN,13.0241,12.8937
9,FAST,FREAK,MAT_FLANN,SEL_KNN,11.1746,12.8257
10,FAST,FREAK,MAT_FLANN,SEL_KNN,12.8086,12.2504
11,FAST,FREAK,MAT_FLANN,SEL_KNN,8.95978,12.1981
12,FAST,FREAK,MAT_FLANN,SEL_KNN,9.96439,11.6295
13,FAST,FREAK,MAT_FLANN,SEL_KNN,9.59863,11.0837
14,FAST,FREAK,MAT_FLANN,SEL_KNN,8.52157,11.1409
15,FAST,FREAK,MAT_FLANN,SEL_KNN,9.51552,11.2241
16,FAST,FREAK,MAT_FLANN,SEL_KNN,9.61241,10.3661
17,FAST,FREAK,MAT_FLANN,SEL_KNN,8.3988,11.5605
0,SHITOMASI,ORB,MAT_BF,SEL_NN,12.6142,12.1318
1,SHITOMASI,ORB,MAT_BF,SEL_NN,14.091,15.9056
2,SHITOMASI,ORB,MAT_BF,SEL_NN,16.6894,13.970999999999998
3,SHITOMASI,ORB,MAT_BF,SEL_NN,15.7465,13.5467
4,SHITOMASI,ORB,MAT_BF,SEL_NN,12.7835,17.2868
5,SHITOMASI,ORB,MAT_BF,SEL_NN,11.9844,16.5009
6,SHITOMASI,ORB,MAT_BF,SEL_NN,13.1241,13.4099
7,SHITOMASI,ORB,MAT_BF,SEL_NN,13.0241,13.103
8,SHITOMASI,ORB,MAT_BF,SEL_NN,11.1746,19.1774
9,SHITOMASI,ORB,MAT_BF,SEL_NN,12.8086,12.7884
10,SHITOMASI,ORB,MAT_BF,SEL_NN,8.95978,11.6118
11,SHITOMASI,ORB,MAT_BF,SEL_NN,9.96439,12.6502
12,SHITOMASI,ORB,MAT_BF,SEL_NN,9.59863,12.0642
13,SHITOMASI,ORB,MAT_BF,SEL_NN,8.52157,11.2036
14,SHITOMASI,ORB,MAT_BF,SEL_NN,9.51552,10.9372
15,SHITOMASI,ORB,MAT_BF,SEL_NN,9.61241,10.5154
16,SHITOMASI,ORB,MAT_BF,SEL_NN,8.3988,8.02811
0,SHITOMASI,BRIEF,MAT_BF,SEL_NN,12.6142,48.8047
1,SHITOMASI,BRIEF,MAT_BF,SEL_NN,14.091,11.1762
2,SHITOMASI,BRIEF,MAT_BF,SEL_NN,16.6894,22.1669
3,SHITOMASI,BRIEF,MAT_BF,SEL_NN,15.7465,12.8552
4,SHITOMASI,BRIEF,MAT_BF,SEL_NN,12.7835,13.2198
5,SHITOMASI,BRIEF,MAT_BF,SEL_NN,11.9844,34.7957
6,SHITOMASI,BRIEF,MAT_BF,SEL_NN,13.1241,14.2388
7,SHITOMASI,BRIEF,MAT_BF,SEL_NN,13.0241,12.6708
8,SHITOMASI,BRIEF,MAT_BF,SEL_NN,11.1746,16.9761
9,SHITOMASI,BRIEF,MAT_BF,SEL_NN,12.8086,11.7992
10,SHITOMASI,BRIEF,MAT_BF,SEL_NN,8.95978,13.677
11,SHITOMASI,BRIEF,MAT_BF,SEL_NN,9.96439,12.4508
12,SHITOMASI,BRIEF,MAT_BF,SEL_NN,9.59863,11.946
13,SHITOMASI,BRIEF,MAT_BF,SEL_NN,8.52157,15.3181
14,SHITOMASI,BRIEF,MAT_BF,SEL_NN,9.51552,11.5882
15,SHITOMASI,BRIEF,MAT_BF,SEL_NN,9.61241,11.1687
16,SHITOMASI,BRIEF,MAT_BF,SEL_NN,8.3988,10.1394
0,SIFT,BRISK,MAT_BF,SEL_KNN,12.6142,13.3443
1,SIFT,BRISK,MAT_BF,SEL_KNN,14.091,14.488
2,SIFT,BRISK,MAT_BF,SEL_KNN,16.6894,18.9447
3,SIFT,BRISK,MAT_BF,SEL_KNN,15.7465,14.9068
4,SIFT,BRISK,MAT_BF,SEL_KNN,12.7835,11.550999999999998
5,SIFT,BRISK,MAT_BF,SEL_KNN,11.9844,14.3811
6,SIFT,BRISK,MAT_BF,SEL_KNN,13.1241,15.5638
7,SIFT,BRISK,MAT_BF,SEL_KNN,13.0241,13.0599
8,SIFT,BRISK,MAT_BF,SEL_KNN,11.1746,10.8588
9,SIFT,BRISK,MAT_BF,SEL_KNN,12.8086,13.2357
10,SIFT,BRISK,MAT_BF,SEL_KNN,8.95978,10.2975
11,SIFT,BRISK,MAT_BF,SEL_KNN,9.96439,9.99995
12,SIFT,BRISK,MAT_BF,SEL_KNN,9.59863,9.55221
13,SIFT,BRISK,MAT_BF,SEL_KNN,8.52157,9.46445
14,SIFT,BRISK,MAT_BF,SEL_KNN,9.51552,8.769589999999999
15,SIFT,BRISK,MAT_BF,SEL_KNN,9.61241,9.5271
16,SIFT,BRISK,MAT_BF,SEL_KNN,8.3988,9.32687
0,FAST,FREAK,MAT_FLANN,SEL_NN,12.6142,-5.02031
1,FAST,FREAK,MAT_FLANN,SEL_NN,14.091,-26.6962
2,FAST,FREAK,MAT_FLANN,SEL_NN,16.6894,-12.5235
3,FAST,FREAK,MAT_FLANN,SEL_NN,15.7465,-inf
4,FAST,FREAK,MAT_FLANN,SEL_NN,12.7835,-1.45241
5,FAST,FREAK,MAT_FLANN,SEL_NN,11.9844,-6.2884
6,FAST,FREAK,MAT_FLANN,SEL_NN,13.1241,-16.5684
7,FAST,FREAK,MAT_FLANN,SEL_NN,13.0241,-inf
8,FAST,FREAK,MAT_FLANN,SEL_NN,11.1746,-inf
9,FAST,FREAK,MAT_FLANN,SEL_NN,12.8086,-10.2233
10,FAST,FREAK,MAT_FLANN,SEL_NN,8.95978,-73.4577
11,FAST,FREAK,MAT_FLANN,SEL_NN,9.96439,67.153
12,FAST,FREAK,MAT_FLANN,SEL_NN,9.59863,16.3854
13,FAST,FREAK,MAT_FLANN,SEL_NN,8.52157,14.5313
14,FAST,FREAK,MAT_FLANN,SEL_NN,9.51552,148.379
15,FAST,FREAK,MAT_FLANN,SEL_NN,9.61241,22.149
16,FAST,FREAK,MAT_FLANN,SEL_NN,8.3988,-87.5197
0,SHITOMASI,FREAK,MAT_BF,SEL_KNN,12.6142,13.5031
1,SHITOMASI,FREAK,MAT_BF,SEL_KNN,14.091,11.4665
2,SHITOMASI,FREAK,MAT_BF,SEL_KNN,16.6894,12.561
3,SHITOMASI,FREAK,MAT_BF,SEL_KNN,15.7465,12.6318
4,SHITOMASI,FREAK,MAT_BF,SEL_KNN,12.7835,15.1537
5,SHITOMASI,FREAK,MAT_BF,SEL_KNN,11.9844,13.3509
6,SHITOMASI,FREAK,MAT_BF,SEL_KNN,13.1241,12.9348
7,SHITOMASI,FREAK,MAT_BF,SEL_KNN,13.0241,12.1911
8,SHITOMASI,FREAK,MAT_BF,SEL_KNN,11.1746,13.199000000000002
9,SHITOMASI,FREAK,MAT_BF,SEL_KNN,12.8086,11.3274
10,SHITOMASI,FREAK,MAT_BF,SEL_KNN,8.95978,12.2727
11,SHITOMASI,FREAK,MAT_BF,SEL_KNN,9.96439,12.6681
12,SHITOMASI,FREAK,MAT_BF,SEL_KNN,9.59863,11.5384
13,SHITOMASI,FREAK,MAT_BF,SEL_KNN,8.52157,10.2513
14,SHITOMASI,FREAK,MAT_BF,SEL_KNN,9.51552,11.3153
15,SHITOMASI,FREAK,MAT_BF,SEL_KNN,9.61241,10.9094
16,SHITOMASI,FREAK,MAT_BF,SEL_KNN,8.3988,7.87897
0,BRISK,FREAK,MAT_BF,SEL_NN,12.6142,-380.944
1,BRISK,FREAK,MAT_BF,SEL_NN,14.091,25.1321
2,BRISK,FREAK,MAT_BF,SEL_NN,16.6894,22.7149
3,BRISK,FREAK,MAT_BF,SEL_NN,15.7465,52.7682
4,BRISK,FREAK,MAT_BF,SEL_NN,12.7835,16.3304
5,BRISK,FREAK,MAT_BF,SEL_NN,11.9844,25.3066
6,BRISK,FREAK,MAT_BF,SEL_NN,13.1241,28.8678
7,BRISK,FREAK,MAT_BF,SEL_NN,13.0241,20.63
8,BRISK,FREAK,MAT_BF,SEL_NN,11.1746,22.0802
9,BRISK,FREAK,MAT_BF,SEL_NN,12.8086,16.0114
10,BRISK,FREAK,MAT_BF,SEL_NN,8.95978,24.9562
11,BRISK,FREAK,MAT_BF,SEL_NN,9.96439,17.2955
12,BRISK,FREAK,MAT_BF,SEL_NN,9.59863,13.7256
13,BRISK,FREAK,MAT_BF,SEL_NN,8.52157,14.4003
14,BRISK,FREAK,MAT_BF,SEL_NN,9.51552,14.0273
15,BRISK,FREAK,MAT_BF,SEL_NN,9.61241,10.0495
16,BRISK,FREAK,MAT_BF,SEL_NN,8.3988,14.270999999999999
0,ORB,BRISK,MAT_BF,SEL_NN,12.6142,15.1978
1,ORB,BRISK,MAT_BF,SEL_NN,14.091,26.7836
2,ORB,BRISK,MAT_BF,SEL_NN,15.7465,-inf
3,ORB,BRISK,MAT_BF,SEL_NN,12.7835,21.2924
4,ORB,BRISK,MAT_BF,SEL_NN,11.9844,19.8118
5,ORB,BRISK,MAT_BF,SEL_NN,13.1241,11.2337
6,ORB,BRISK,MAT_BF,SEL_NN,13.0241,12.339
7,ORB,BRISK,MAT_BF,SEL_NN,11.1746,13.3424
8,ORB,BRISK,MAT_BF,SEL_NN,12.8086,9.098360000000001
9,ORB,BRISK,MAT_BF,SEL_NN,8.95978,5416.2
10,ORB,BRISK,MAT_BF,SEL_NN,9.96439,9.47693
11,ORB,BRISK,MAT_BF,SEL_NN,9.59863,7.837860000000001
12,ORB,BRISK,MAT_BF,SEL_NN,8.52157,9.410860000000001
13,ORB,BRISK,MAT_BF,SEL_NN,9.61241,21.2646
14,ORB,BRISK,MAT_BF,SEL_NN,8.3988,18.295
0,SHITOMASI,SIFT,MAT_BF,SEL_NN,12.6142,12.4252
1,SHITOMASI,SIFT,MAT_BF,SEL_NN,14.091,12.8187
2,SHITOMASI,SIFT,MAT_BF,SEL_NN,16.6894,14.3278
3,SHITOMASI,SIFT,MAT_BF,SEL_NN,15.7465,12.4891
4,SHITOMASI,SIFT,MAT_BF,SEL_NN,12.7835,14.7141
5,SHITOMASI,SIFT,MAT_BF,SEL_NN,11.9844,17.9931
6,SHITOMASI,SIFT,MAT_BF,SEL_NN,13.1241,16.3897
7,SHITOMASI,SIFT,MAT_BF,SEL_NN,13.0241,13.450999999999999
8,SHITOMASI,SIFT,MAT_BF,SEL_NN,11.1746,17.891
9,SHITOMASI,SIFT,MAT_BF,SEL_NN,12.8086,12.7884
10,SHITOMASI,SIFT,MAT_BF,SEL_NN,8.95978,12.5923
11,SHITOMASI,SIFT,MAT_BF,SEL_NN,9.96439,12.2745
12,SHITOMASI,SIFT,MAT_BF,SEL_NN,9.59863,12.1821
13,SHITOMASI,SIFT,MAT_BF,SEL_NN,8.52157,12.2294
14,SHITOMASI,SIFT,MAT_BF,SEL_NN,9.51552,8.93726
15,SHITOMASI,SIFT,MAT_BF,SEL_NN,9.61241,11.8938
16,SHITOMASI,SIFT,MAT_BF,SEL_NN,8.3988,8.755139999999999
0,SHITOMASI,SIFT,MAT_FLANN,SEL_NN,12.6142,13.1487
1,SHITOMASI,SIFT,MAT_FLANN,SEL_NN,14.091,13.1082
2,SHITOMASI,SIFT,MAT_FLANN,SEL_NN,16.6894,21.9791
3,SHITOMASI,SIFT,MAT_FLANN,SEL_NN,15.7465,13.8847
4,SHITOMASI,SIFT,MAT_FLANN,SEL_NN,12.7835,14.667
5,SHITOMASI,SIFT,MAT_FLANN,SEL_NN,11.9844,30.6507
6,SHITOMASI,SIFT,MAT_FLANN,SEL_NN,13.1241,14.8007
7,SHITOMASI,SIFT,MAT_FLANN,SEL_NN,13.0241,13.2095
8,SHITOMASI,SIFT,MAT_FLANN,SEL_NN,11.1746,39.7576
9,SHITOMASI,SIFT,MAT_FLANN,SEL_NN,12.8086,13.4872
10,SHITOMASI,SIFT,MAT_FLANN,SEL_NN,8.95978,13.8326
11,SHITOMASI,SIFT,MAT_FLANN,SEL_NN,9.96439,13.237
12,SHITOMASI,SIFT,MAT_FLANN,SEL_NN,9.59863,12.1726
13,SHITOMASI,SIFT,MAT_FLANN,SEL_NN,8.52157,12.9567
14,SHITOMASI,SIFT,MAT_FLANN,SEL_NN,9.51552,8.720310000000001
15,SHITOMASI,SIFT,MAT_FLANN,SEL_NN,9.61241,11.94
16,SHITOMASI,SIFT,MAT_FLANN,SEL_NN,8.3988,10.7642
0,ORB,BRISK,MAT_BF,SEL_KNN,12.6142,12.9679
1,ORB,BRISK,MAT_BF,SEL_KNN,15.7465,94.009
2,ORB,BRISK,MAT_BF,SEL_KNN,12.7835,11.5438
3,ORB,BRISK,MAT_BF,SEL_KNN,11.9844,15.9607
4,ORB,BRISK,MAT_BF,SEL_KNN,13.0241,13.1285
5,ORB,BRISK,MAT_BF,SEL_KNN,11.1746,19.472
6,ORB,BRISK,MAT_BF,SEL_KNN,12.8086,8.34928
7,ORB,BRISK,MAT_BF,SEL_KNN,8.95978,-inf
8,ORB,BRISK,MAT_BF,SEL_KNN,9.96439,7.87645
9,ORB,BRISK,MAT_BF,SEL_KNN,9.59863,9.58532
10,ORB,BRISK,MAT_BF,SEL_KNN,8.52157,8.72363
11,ORB,BRISK,MAT_BF,SEL_KNN,9.61241,12.4886
12,ORB,BRISK,MAT_BF,SEL_KNN,8.3988,27.095
0,FAST,BRIEF,MAT_BF,SEL_NN,12.6142,19.4402
1,FAST,BRIEF,MAT_BF,SEL_NN,14.091,16.8113
2,FAST,BRIEF,MAT_BF,SEL_NN,16.6894,14.7678
3,FAST,BRIEF,MAT_BF,SEL_NN,15.7465,15.380999999999998
4,FAST,BRIEF,MAT_BF,SEL_NN,12.7835,14.5234
5,FAST,BRIEF,MAT_BF,SEL_NN,11.9844,14.8486
6,FAST,BRIEF,MAT_BF,SEL_NN,13.1241,13.659
7,FAST,BRIEF,MAT_BF,SEL_NN,13.0241,13.9848
8,FAST,BRIEF,MAT_BF,SEL_NN,11.1746,14.5442
9,FAST,BRIEF,MAT_BF,SEL_NN,12.8086,11.8881
10,FAST,BRIEF,MAT_BF,SEL_NN,8.95978,12.0736
11,FAST,BRIEF,MAT_BF,SEL_NN,9.96439,12.7949
12,FAST,BRIEF,MAT_BF,SEL_NN,9.59863,10.975999999999999
13,FAST,BRIEF,MAT_BF,SEL_NN,8.52157,12.2343
14,FAST,BRIEF,MAT_BF,SEL_NN,9.51552,12.3194
15,FAST,BRIEF,MAT_BF,SEL_NN,9.61241,10.7526
16,FAST,BRIEF,MAT_BF,SEL_NN,8.3988,12.1296
0,BRISK,BRISK,MAT_FLANN,SEL_NN,12.6142,51.1715
1,BRISK,BRISK,MAT_FLANN,SEL_NN,14.091,19.1909
2,BRISK,BRISK,MAT_FLANN,SEL_NN,16.6894,34.1562
3,BRISK,BRISK,MAT_FLANN,SEL_NN,15.7465,41.8968
4,BRISK,BRISK,MAT_FLANN,SEL_NN,12.7835,96.1313
5,BRISK,BRISK,MAT_FLANN,SEL_NN,11.9844,59.7337
6,BRISK,BRISK,MAT_FLANN,SEL_NN,13.1241,30.4978
7,BRISK,BRISK,MAT_FLANN,SEL_NN,13.0241,21.3845
8,BRISK,BRISK,MAT_FLANN,SEL_NN,11.1746,45.0166
9,BRISK,BRISK,MAT_FLANN,SEL_NN,12.8086,27.1348
10,BRISK,BRISK,MAT_FLANN,SEL_NN,8.95978,27.9393
11,BRISK,BRISK,MAT_FLANN,SEL_NN,9.96439,13.9009
12,BRISK,BRISK,MAT_FLANN,SEL_NN,9.59863,19.8361
13,BRISK,BRISK,MAT_FLANN,SEL_NN,8.52157,17.4466
14,BRISK,BRISK,MAT_FLANN,SEL_NN,9.51552,15.4334
15,BRISK,BRISK,MAT_FLANN,SEL_NN,9.61241,12.2657
16,BRISK,BRISK,MAT_FLANN,SEL_NN,8.3988,15.8365
0,FAST,FREAK,MAT_BF,SEL_KNN,12.5156,12.0538
1,FAST,FREAK,MAT_BF,SEL_KNN,12.6142,12.6011
2,FAST,FREAK,MAT_BF,SEL_KNN,14.091,13.2302
3,FAST,FREAK,MAT_BF,SEL_KNN,16.6894,13.7752
4,FAST,FREAK,MAT_BF,SEL_KNN,15.7465,13.0459
5,FAST,FREAK,MAT_BF,SEL_KNN,12.7835,12.1987
6,FAST,FREAK,MAT_BF,SEL_KNN,11.9844,12.9963
7,FAST,FREAK,MAT_BF,SEL_KNN,13.1241,12.5567
8,FAST,FREAK,MAT_BF,SEL_KNN,13.0241,12.8937
9,FAST,FREAK,MAT_BF,SEL_KNN,11.1746,12.8249
10,FAST,FREAK,MAT_BF,SEL_KNN,12.8086,12.2504
11,FAST,FREAK,MAT_BF,SEL_KNN,8.95978,12.1887
12,FAST,FREAK,MAT_BF,SEL_KNN,9.96439,11.5554
13,FAST,FREAK,MAT_BF,SEL_KNN,9.59863,11.0837
14,FAST,FREAK,MAT_BF,SEL_KNN,8.52157,11.1409
15,FAST,FREAK,MAT_BF,SEL_KNN,9.51552,11.2241
16,FAST,FREAK,MAT_BF,SEL_KNN,9.61241,10.3661
17,FAST,FREAK,MAT_BF,SEL_KNN,8.3988,11.5605
0,SHITOMASI,FREAK,MAT_FLANN,SEL_NN,12.6142,-1.15226
1,SHITOMASI,FREAK,MAT_FLANN,SEL_NN,14.091,-inf
2,SHITOMASI,FREAK,MAT_FLANN,SEL_NN,16.6894,-inf
3,SHITOMASI,FREAK,MAT_FLANN,SEL_NN,15.7465,-inf
4,SHITOMASI,FREAK,MAT_FLANN,SEL_NN,12.7835,-inf
5,SHITOMASI,FREAK,MAT_FLANN,SEL_NN,11.9844,-inf
6,SHITOMASI,FREAK,MAT_FLANN,SEL_NN,13.1241,-inf
7,SHITOMASI,FREAK,MAT_FLANN,SEL_NN,13.0241,42.8128
8,SHITOMASI,FREAK,MAT_FLANN,SEL_NN,11.1746,-4.1372800000000005
9,SHITOMASI,FREAK,MAT_FLANN,SEL_NN,12.8086,13.4414
10,SHITOMASI,FREAK,MAT_FLANN,SEL_NN,8.95978,-0.517483
11,SHITOMASI,FREAK,MAT_FLANN,SEL_NN,9.96439,15.7915
12,SHITOMASI,FREAK,MAT_FLANN,SEL_NN,9.59863,34.488
13,SHITOMASI,FREAK,MAT_FLANN,SEL_NN,8.52157,-1.36614
14,SHITOMASI,FREAK,MAT_FLANN,SEL_NN,9.51552,14.3445
15,SHITOMASI,FREAK,MAT_FLANN,SEL_NN,9.61241,15.1799
16,SHITOMASI,FREAK,MAT_FLANN,SEL_NN,8.3988,12.1609
0,BRISK,ORB,MAT_BF,SEL_NN,12.6142,33.568000000000005
1,BRISK,ORB,MAT_BF,SEL_NN,14.091,24.5088
2,BRISK,ORB,MAT_BF,SEL_NN,16.6894,-139.17600000000002
3,BRISK,ORB,MAT_BF,SEL_NN,15.7465,-33.2692
4,BRISK,ORB,MAT_BF,SEL_NN,12.7835,65.225
5,BRISK,ORB,MAT_BF,SEL_NN,11.9844,43.7422
6,BRISK,ORB,MAT_BF,SEL_NN,13.1241,30.9336
7,BRISK,ORB,MAT_BF,SEL_NN,13.0241,21.9357
8,BRISK,ORB,MAT_BF,SEL_NN,11.1746,21.5798
9,BRISK,ORB,MAT_BF,SEL_NN,12.8086,61.6608
10,BRISK,ORB,MAT_BF,SEL_NN,8.95978,18.8165
11,BRISK,ORB,MAT_BF,SEL_NN,9.96439,17.3731
12,BRISK,ORB,MAT_BF,SEL_NN,9.59863,15.0158
13,BRISK,ORB,MAT_BF,SEL_NN,8.52157,23.6242
14,BRISK,ORB,MAT_BF,SEL_NN,9.51552,15.1257
15,BRISK,ORB,MAT_BF,SEL_NN,9.61241,14.5024
16,BRISK,ORB,MAT_BF,SEL_NN,8.3988,18.7997
0,SHITOMASI,BRIEF,MAT_FLANN,SEL_NN,12.6142,50.0637
1,SHITOMASI,BRIEF,MAT_FLANN,SEL_NN,14.091,11.5714
2,SHITOMASI,BRIEF,MAT_FLANN,SEL_NN,16.6894,20.5058
3,SHITOMASI,BRIEF,MAT_FLANN,SEL_NN,15.7465,13.092
4,SHITOMASI,BRIEF,MAT_FLANN,SEL_NN,12.7835,12.9193
5,SHITOMASI,BRIEF,MAT_FLANN,SEL_NN,11.9844,34.6969
6,SHITOMASI,BRIEF,MAT_FLANN,SEL_NN,13.1241,13.5835
7,SHITOMASI,BRIEF,MAT_FLANN,SEL_NN,13.0241,12.1911
8,SHITOMASI,BRIEF,MAT_FLANN,SEL_NN,11.1746,16.3129
9,SHITOMASI,BRIEF,MAT_FLANN,SEL_NN,12.8086,11.7992
10,SHITOMASI,BRIEF,MAT_FLANN,SEL_NN,8.95978,13.677
11,SHITOMASI,BRIEF,MAT_FLANN,SEL_NN,9.96439,12.4428
12,SHITOMASI,BRIEF,MAT_FLANN,SEL_NN,9.59863,11.7964
13,SHITOMASI,BRIEF,MAT_FLANN,SEL_NN,8.52157,16.5046
14,SHITOMASI,BRIEF,MAT_FLANN,SEL_NN,9.51552,11.5476
15,SHITOMASI,BRIEF,MAT_FLANN,SEL_NN,9.61241,11.1608
16,SHITOMASI,BRIEF,MAT_FLANN,SEL_NN,8.3988,10.287
0,SHITOMASI,ORB,MAT_FLANN,SEL_NN,12.6142,13.9717
1,SHITOMASI,ORB,MAT_FLANN,SEL_NN,14.091,14.6153
2,SHITOMASI,ORB,MAT_FLANN,SEL_NN,16.6894,14.2218
3,SHITOMASI,ORB,MAT_FLANN,SEL_NN,15.7465,12.9056
4,SHITOMASI,ORB,MAT_FLANN,SEL_NN,12.7835,17.3151
5,SHITOMASI,ORB,MAT_FLANN,SEL_NN,11.9844,15.8061
6,SHITOMASI,ORB,MAT_FLANN,SEL_NN,13.1241,12.7542
7,SHITOMASI,ORB,MAT_FLANN,SEL_NN,13.0241,12.0141
8,SHITOMASI,ORB,MAT_FLANN,SEL_NN,11.1746,105.56
9,SHITOMASI,ORB,MAT_FLANN,SEL_NN,12.8086,13.3031
10,SHITOMASI,ORB,MAT_FLANN,SEL_NN,8.95978,11.5356
11,SHITOMASI,ORB,MAT_FLANN,SEL_NN,9.96439,12.7042
12,SHITOMASI,ORB,MAT_FLANN,SEL_NN,9.59863,12.1564
13,SHITOMASI,ORB,MAT_FLANN,SEL_NN,8.52157,10.9973
14,SHITOMASI,ORB,MAT_FLANN,SEL_NN,9.51552,11.2036
15,SHITOMASI,ORB,MAT_FLANN,SEL_NN,9.61241,10.8127
16,SHITOMASI,ORB,MAT_FLANN,SEL_NN,8.3988,8.65822
0,BRISK,ORB,MAT_BF,SEL_KNN,12.6142,20.3646
1,BRISK,ORB,MAT_BF,SEL_KNN,14.091,13.2508
2,BRISK,ORB,MAT_BF,SEL_KNN,16.6894,16.3706
3,BRISK,ORB,MAT_BF,SEL_KNN,15.7465,20.2973
4,BRISK,ORB,MAT_BF,SEL_KNN,12.7835,21.3891
5,BRISK,ORB,MAT_BF,SEL_KNN,11.9844,16.4769
6,BRISK,ORB,MAT_BF,SEL_KNN,13.1241,16.1591
7,BRISK,ORB,MAT_BF,SEL_KNN,13.0241,14.9216
8,BRISK,ORB,MAT_BF,SEL_KNN,11.1746,11.5139
9,BRISK,ORB,MAT_BF,SEL_KNN,12.8086,13.7091
10,BRISK,ORB,MAT_BF,SEL_KNN,8.95978,11.024000000000001
11,BRISK,ORB,MAT_BF,SEL_KNN,9.96439,11.7553
12,BRISK,ORB,MAT_BF,SEL_KNN,9.59863,12.4047
13,BRISK,ORB,MAT_BF,SEL_KNN,8.52157,11.4092
14,BRISK,ORB,MAT_BF,SEL_KNN,9.51552,11.2864
15,BRISK,ORB,MAT_BF,SEL_KNN,9.61241,9.94177
16,BRISK,ORB,MAT_BF,SEL_KNN,8.3988,11.4769
0,SIFT,BRIEF,MAT_FLANN,SEL_NN,12.5156,14.3422
1,SIFT,BRIEF,MAT_FLANN,SEL_NN,12.6142,18.7663
2,SIFT,BRIEF,MAT_FLANN,SEL_NN,14.091,18.0394
3,SIFT,BRIEF,MAT_FLANN,SEL_NN,16.6894,29.5134
4,SIFT,BRIEF,MAT_FLANN,SEL_NN,15.7465,17.5014
5,SIFT,BRIEF,MAT_FLANN,SEL_NN,12.7835,13.8828
6,SIFT,BRIEF,MAT_FLANN,SEL_NN,11.9844,17.8974
7,SIFT,BRIEF,MAT_FLANN,SEL_NN,13.1241,38.1522
8,SIFT,BRIEF,MAT_FLANN,SEL_NN,13.0241,14.8754
9,SIFT,BRIEF,MAT_FLANN,SEL_NN,11.1746,11.9416
10,SIFT,BRIEF,MAT_FLANN,SEL_NN,12.8086,15.0251
11,SIFT,BRIEF,MAT_FLANN,SEL_NN,8.95978,10.9311
12,SIFT,BRIEF,MAT_FLANN,SEL_NN,9.96439,9.56155
13,SIFT,BRIEF,MAT_FLANN,SEL_NN,9.59863,12.325
14,SIFT,BRIEF,MAT_FLANN,SEL_NN,8.52157,8.92942
15,SIFT,BRIEF,MAT_FLANN,SEL_NN,9.51552,9.373
16,SIFT,BRIEF,MAT_FLANN,SEL_NN,9.61241,8.364239999999999
17,SIFT,BRIEF,MAT_FLANN,SEL_NN,8.3988,9.90599
0,ORB,SIFT,MAT_BF,SEL_NN,12.6142,11.1036
1,ORB,SIFT,MAT_BF,SEL_NN,14.091,25.8792
2,ORB,SIFT,MAT_BF,SEL_NN,16.6894,86.0676
3,ORB,SIFT,MAT_BF,SEL_NN,15.7465,24.4933
4,ORB,SIFT,MAT_BF,SEL_NN,12.7835,-5.28388
5,ORB,SIFT,MAT_BF,SEL_NN,11.9844,40.4661
6,ORB,SIFT,MAT_BF,SEL_NN,13.1241,10.0584
7,ORB,SIFT,MAT_BF,SEL_NN,13.0241,12.8918
8,ORB,SIFT,MAT_BF,SEL_NN,11.1746,13.3055
9,ORB,SIFT,MAT_BF,SEL_NN,12.8086,10.1214
10,ORB,SIFT,MAT_BF,SEL_NN,8.95978,-inf
11,ORB,SIFT,MAT_BF,SEL_NN,9.96439,7.9582
12,ORB,SIFT,MAT_BF,SEL_NN,9.59863,63.442
13,ORB,SIFT,MAT_BF,SEL_NN,8.52157,-inf
14,ORB,SIFT,MAT_BF,SEL_NN,9.61241,21.7246
15,ORB,SIFT,MAT_BF,SEL_NN,8.3988,11.3349
0,BRISK,BRIEF,MAT_BF,SEL_KNN,12.6142,16.8618
1,BRISK,BRIEF,MAT_BF,SEL_KNN,14.091,11.6672
2,BRISK,BRIEF,MAT_BF,SEL_KNN,16.6894,20.5725
3,BRISK,BRIEF,MAT_BF,SEL_KNN,15.7465,19.7052
4,BRISK,BRIEF,MAT_BF,SEL_KNN,12.7835,17.5642
5,BRISK,BRIEF,MAT_BF,SEL_KNN,11.9844,15.5883
6,BRISK,BRIEF,MAT_BF,SEL_KNN,13.1241,18.7451
7,BRISK,BRIEF,MAT_BF,SEL_KNN,13.0241,15.4645
8,BRISK,BRIEF,MAT_BF,SEL_KNN,11.1746,11.4853
9,BRISK,BRIEF,MAT_BF,SEL_KNN,12.8086,13.3676
10,BRISK,BRIEF,MAT_BF,SEL_KNN,8.95978,14.3096
11,BRISK,BRIEF,MAT_BF,SEL_KNN,9.96439,12.3266
12,BRISK,BRIEF,MAT_BF,SEL_KNN,9.59863,10.9457
13,BRISK,BRIEF,MAT_BF,SEL_KNN,8.52157,11.6294
14,BRISK,BRIEF,MAT_BF,SEL_KNN,9.51552,12.1739
15,BRISK,BRIEF,MAT_BF,SEL_KNN,9.61241,11.3792
16,BRISK,BRIEF,MAT_BF,SEL_KNN,8.3988,10.7022
0,SIFT,BRISK,MAT_FLANN,SEL_KNN,12.6142,13.6867
1,SIFT,BRISK,MAT_FLANN,SEL_KNN,14.091,14.488
2,SIFT,BRISK,MAT_FLANN,SEL_KNN,16.6894,18.9447
3,SIFT,BRISK,MAT_FLANN,SEL_KNN,15.7465,14.9068
4,SIFT,BRISK,MAT_FLANN,SEL_KNN,12.7835,11.550999999999998
5,SIFT,BRISK,MAT_FLANN,SEL_KNN,11.9844,14.3811
6,SIFT,BRISK,MAT_FLANN,SEL_KNN,13.1241,15.5638
7,SIFT,BRISK,MAT_FLANN,SEL_KNN,13.0241,13.0599
8,SIFT,BRISK,MAT_FLANN,SEL_KNN,11.1746,10.8588
9,SIFT,BRISK,MAT_FLANN,SEL_KNN,12.8086,13.2357
10,SIFT,BRISK,MAT_FLANN,SEL_KNN,8.95978,10.2975
11,SIFT,BRISK,MAT_FLANN,SEL_KNN,9.96439,10.0081
12,SIFT,BRISK,MAT_FLANN,SEL_KNN,9.59863,9.6815
13,SIFT,BRISK,MAT_FLANN,SEL_KNN,8.52157,9.46445
14,SIFT,BRISK,MAT_FLANN,SEL_KNN,9.51552,8.72712
15,SIFT,BRISK,MAT_FLANN,SEL_KNN,9.61241,9.5271
16,SIFT,BRISK,MAT_FLANN,SEL_KNN,8.3988,9.32687
0,SIFT,FREAK,MAT_FLANN,SEL_NN,12.6142,24.3936
1,SIFT,FREAK,MAT_FLANN,SEL_NN,14.091,50.2669
2,SIFT,FREAK,MAT_FLANN,SEL_NN,16.6894,-0.6364890000000001
3,SIFT,FREAK,MAT_FLANN,SEL_NN,15.7465,242.364
4,SIFT,FREAK,MAT_FLANN,SEL_NN,12.7835,-0.285697
5,SIFT,FREAK,MAT_FLANN,SEL_NN,11.9844,-0.295639
6,SIFT,FREAK,MAT_FLANN,SEL_NN,13.1241,-0.927657
7,SIFT,FREAK,MAT_FLANN,SEL_NN,13.0241,-5.04418
8,SIFT,FREAK,MAT_FLANN,SEL_NN,11.1746,-0.6862020000000001
9,SIFT,FREAK,MAT_FLANN,SEL_NN,12.8086,-1.66385
10,SIFT,FREAK,MAT_FLANN,SEL_NN,8.95978,-10.6548
11,SIFT,FREAK,MAT_FLANN,SEL_NN,9.96439,13.5733
12,SIFT,FREAK,MAT_FLANN,SEL_NN,9.59863,13.1082
13,SIFT,FREAK,MAT_FLANN,SEL_NN,8.52157,-0.366163
14,SIFT,FREAK,MAT_FLANN,SEL_NN,9.51552,-40.6957
15,SIFT,FREAK,MAT_FLANN,SEL_NN,9.61241,11.2387
16,SIFT,FREAK,MAT_FLANN,SEL_NN,8.3988,39.3124
0,BRISK,FREAK,MAT_FLANN,SEL_KNN,12.6142,23.5139
1,BRISK,FREAK,MAT_FLANN,SEL_KNN,14.091,14.0744
2,BRISK,FREAK,MAT_FLANN,SEL_KNN,16.6894,14.6534
3,BRISK,FREAK,MAT_FLANN,SEL_KNN,15.7465,22.8032
4,BRISK,FREAK,MAT_FLANN,SEL_KNN,12.7835,16.8336
5,BRISK,FREAK,MAT_FLANN,SEL_KNN,11.9844,15.5199
6,BRISK,FREAK,MAT_FLANN,SEL_KNN,13.1241,18.33
7,BRISK,FREAK,MAT_FLANN,SEL_KNN,13.0241,15.4585
8,BRISK,FREAK,MAT_FLANN,SEL_KNN,11.1746,13.7623
9,BRISK,FREAK,MAT_FLANN,SEL_KNN,12.8086,12.7313
10,BRISK,FREAK,MAT_FLANN,SEL_KNN,8.95978,11.269
11,BRISK,FREAK,MAT_FLANN,SEL_KNN,9.96439,11.3941
12,BRISK,FREAK,MAT_FLANN,SEL_KNN,9.59863,11.2969
13,BRISK,FREAK,MAT_FLANN,SEL_KNN,8.52157,13.1168
14,BRISK,FREAK,MAT_FLANN,SEL_KNN,9.51552,10.3718
15,BRISK,FREAK,MAT_FLANN,SEL_KNN,9.61241,9.33041
16,BRISK,FREAK,MAT_FLANN,SEL_KNN,8.3988,11.0962
0,SHITOMASI,FREAK,MAT_FLANN,SEL_KNN,12.6142,13.5031
1,SHITOMASI,FREAK,MAT_FLANN,SEL_KNN,14.091,11.272
2,SHITOMASI,FREAK,MAT_FLANN,SEL_KNN,16.6894,12.671
3,SHITOMASI,FREAK,MAT_FLANN,SEL_KNN,15.7465,12.6318
4,SHITOMASI,FREAK,MAT_FLANN,SEL_KNN,12.7835,15.1537
5,SHITOMASI,FREAK,MAT_FLANN,SEL_KNN,11.9844,13.067
6,SHITOMASI,FREAK,MAT_FLANN,SEL_KNN,13.1241,12.9348
7,SHITOMASI,FREAK,MAT_FLANN,SEL_KNN,13.0241,12.1911
8,SHITOMASI,FREAK,MAT_FLANN,SEL_KNN,11.1746,13.199000000000002
9,SHITOMASI,FREAK,MAT_FLANN,SEL_KNN,12.8086,11.3412
10,SHITOMASI,FREAK,MAT_FLANN,SEL_KNN,8.95978,12.2727
11,SHITOMASI,FREAK,MAT_FLANN,SEL_KNN,9.96439,12.6681
12,SHITOMASI,FREAK,MAT_FLANN,SEL_KNN,9.59863,11.5384
13,SHITOMASI,FREAK,MAT_FLANN,SEL_KNN,8.52157,10.9493
14,SHITOMASI,FREAK,MAT_FLANN,SEL_KNN,9.51552,11.3153
15,SHITOMASI,FREAK,MAT_FLANN,SEL_KNN,9.61241,10.9094
16,SHITOMASI,FREAK,MAT_FLANN,SEL_KNN,8.3988,7.87897
0,BRISK,BRIEF,MAT_FLANN,SEL_NN,12.6142,26.3919
1,BRISK,BRIEF,MAT_FLANN,SEL_NN,14.091,13.207
2,BRISK,BRIEF,MAT_FLANN,SEL_NN,16.6894,25.2376
3,BRISK,BRIEF,MAT_FLANN,SEL_NN,15.7465,28.0545
4,BRISK,BRIEF,MAT_FLANN,SEL_NN,12.7835,23.9741
5,BRISK,BRIEF,MAT_FLANN,SEL_NN,11.9844,21.2838
6,BRISK,BRIEF,MAT_FLANN,SEL_NN,13.1241,22.0276
7,BRISK,BRIEF,MAT_FLANN,SEL_NN,13.0241,16.8923
8,BRISK,BRIEF,MAT_FLANN,SEL_NN,11.1746,15.1879
9,BRISK,BRIEF,MAT_FLANN,SEL_NN,12.8086,12.205
10,BRISK,BRIEF,MAT_FLANN,SEL_NN,8.95978,15.3997
11,BRISK,BRIEF,MAT_FLANN,SEL_NN,9.96439,14.6545
12,BRISK,BRIEF,MAT_FLANN,SEL_NN,9.59863,10.6695
13,BRISK,BRIEF,MAT_FLANN,SEL_NN,8.52157,12.5334
14,BRISK,BRIEF,MAT_FLANN,SEL_NN,9.51552,14.2406
15,BRISK,BRIEF,MAT_FLANN,SEL_NN,9.61241,11.4484
16,BRISK,BRIEF,MAT_FLANN,SEL_NN,8.3988,10.3266
0,ORB,ORB,MAT_FLANN,SEL_KNN,15.7465,29.0177
1,ORB,ORB,MAT_FLANN,SEL_KNN,12.7835,-inf
2,ORB,ORB,MAT_FLANN,SEL_KNN,11.9844,-inf
3,ORB,ORB,MAT_FLANN,SEL_KNN,13.1241,9.44631
4,ORB,ORB,MAT_FLANN,SEL_KNN,13.0241,18.651
5,ORB,ORB,MAT_FLANN,SEL_KNN,11.1746,23.3467
6,ORB,ORB,MAT_FLANN,SEL_KNN,12.8086,9.15809
7,ORB,ORB,MAT_FLANN,SEL_KNN,8.95978,30.4577
8,ORB,ORB,MAT_FLANN,SEL_KNN,9.96439,9.77565
9,ORB,ORB,MAT_FLANN,SEL_KNN,9.59863,9.64414
10,ORB,ORB,MAT_FLANN,SEL_KNN,8.52157,12.6741
11,ORB,ORB,MAT_FLANN,SEL_KNN,9.61241,12.8853
0,BRISK,FREAK,MAT_FLANN,SEL_NN,12.6142,-inf
1,BRISK,FREAK,MAT_FLANN,SEL_NN,14.091,27.4865
2,BRISK,FREAK,MAT_FLANN,SEL_NN,16.6894,29.3055
3,BRISK,FREAK,MAT_FLANN,SEL_NN,15.7465,51.1155
4,BRISK,FREAK,MAT_FLANN,SEL_NN,12.7835,16.9881
5,BRISK,FREAK,MAT_FLANN,SEL_NN,11.9844,36.8214
6,BRISK,FREAK,MAT_FLANN,SEL_NN,13.1241,29.5532
7,BRISK,FREAK,MAT_FLANN,SEL_NN,13.0241,19.3146
8,BRISK,FREAK,MAT_FLANN,SEL_NN,11.1746,21.6279
9,BRISK,FREAK,MAT_FLANN,SEL_NN,12.8086,15.8498
10,BRISK,FREAK,MAT_FLANN,SEL_NN,8.95978,25.4388
11,BRISK,FREAK,MAT_FLANN,SEL_NN,9.96439,19.1883
12,BRISK,FREAK,MAT_FLANN,SEL_NN,9.59863,14.5909
13,BRISK,FREAK,MAT_FLANN,SEL_NN,8.52157,14.3582
14,BRISK,FREAK,MAT_FLANN,SEL_NN,9.51552,16.862000000000002
15,BRISK,FREAK,MAT_FLANN,SEL_NN,9.61241,9.83015
16,BRISK,FREAK,MAT_FLANN,SEL_NN,8.3988,15.4182
0,SHITOMASI,BRISK,MAT_FLANN,SEL_NN,12.6142,-13.9588
1,SHITOMASI,BRISK,MAT_FLANN,SEL_NN,14.091,-420.29
2,SHITOMASI,BRISK,MAT_FLANN,SEL_NN,16.6894,-0.374413
3,SHITOMASI,BRISK,MAT_FLANN,SEL_NN,15.7465,-inf
4,SHITOMASI,BRISK,MAT_FLANN,SEL_NN,12.7835,-inf
5,SHITOMASI,BRISK,MAT_FLANN,SEL_NN,11.9844,-279.439
6,SHITOMASI,BRISK,MAT_FLANN,SEL_NN,13.1241,-0.5281710000000001
7,SHITOMASI,BRISK,MAT_FLANN,SEL_NN,13.0241,-inf
8,SHITOMASI,BRISK,MAT_FLANN,SEL_NN,11.1746,-0.861244
9,SHITOMASI,BRISK,MAT_FLANN,SEL_NN,12.8086,-2.3384099999999997
10,SHITOMASI,BRISK,MAT_FLANN,SEL_NN,8.95978,43.9534
11,SHITOMASI,BRISK,MAT_FLANN,SEL_NN,9.96439,-0.624296
12,SHITOMASI,BRISK,MAT_FLANN,SEL_NN,9.59863,684.5
13,SHITOMASI,BRISK,MAT_FLANN,SEL_NN,8.52157,12.0506
14,SHITOMASI,BRISK,MAT_FLANN,SEL_NN,9.51552,-0.233143
15,SHITOMASI,BRISK,MAT_FLANN,SEL_NN,9.61241,-3.20819
16,SHITOMASI,BRISK,MAT_FLANN,SEL_NN,8.3988,13.2708
0,FAST,SIFT,MAT_FLANN,SEL_NN,12.5156,12.363
1,FAST,SIFT,MAT_FLANN,SEL_NN,12.6142,12.4167
2,FAST,SIFT,MAT_FLANN,SEL_NN,14.091,17.2097
3,FAST,SIFT,MAT_FLANN,SEL_NN,16.6894,14.338
4,FAST,SIFT,MAT_FLANN,SEL_NN,15.7465,18.2744
5,FAST,SIFT,MAT_FLANN,SEL_NN,12.7835,13.6962
6,FAST,SIFT,MAT_FLANN,SEL_NN,11.9844,13.6059
7,FAST,SIFT,MAT_FLANN,SEL_NN,13.1241,13.6511
8,FAST,SIFT,MAT_FLANN,SEL_NN,13.0241,12.4087
9,FAST,SIFT,MAT_FLANN,SEL_NN,11.1746,13.1647
10,FAST,SIFT,MAT_FLANN,SEL_NN,12.8086,11.5887
11,FAST,SIFT,MAT_FLANN,SEL_NN,8.95978,11.7438
12,FAST,SIFT,MAT_FLANN,SEL_NN,9.96439,11.6909
13,FAST,SIFT,MAT_FLANN,SEL_NN,9.59863,11.14
14,FAST,SIFT,MAT_FLANN,SEL_NN,8.52157,10.592
15,FAST,SIFT,MAT_FLANN,SEL_NN,9.51552,10.4963
16,FAST,SIFT,MAT_FLANN,SEL_NN,9.61241,10.3629
17,FAST,SIFT,MAT_FLANN,SEL_NN,8.3988,11.084000000000001
0,SIFT,BRISK,MAT_FLANN,SEL_NN,12.6142,35.9898
1,SIFT,BRISK,MAT_FLANN,SEL_NN,14.091,175.215
2,SIFT,BRISK,MAT_FLANN,SEL_NN,16.6894,-0.283202
3,SIFT,BRISK,MAT_FLANN,SEL_NN,15.7465,-0.768964
4,SIFT,BRISK,MAT_FLANN,SEL_NN,12.7835,-0.5707979999999999
5,SIFT,BRISK,MAT_FLANN,SEL_NN,11.9844,-0.324292
6,SIFT,BRISK,MAT_FLANN,SEL_NN,13.1241,35.1354
7,SIFT,BRISK,MAT_FLANN,SEL_NN,13.0241,35.0114
8,SIFT,BRISK,MAT_FLANN,SEL_NN,11.1746,24.5876
9,SIFT,BRISK,MAT_FLANN,SEL_NN,12.8086,173.82299999999998
10,SIFT,BRISK,MAT_FLANN,SEL_NN,8.95978,19.8675
11,SIFT,BRISK,MAT_FLANN,SEL_NN,9.96439,-0.328733
12,SIFT,BRISK,MAT_FLANN,SEL_NN,9.59863,-0.60128
13,SIFT,BRISK,MAT_FLANN,SEL_NN,8.52157,-0.784853
14,SIFT,BRISK,MAT_FLANN,SEL_NN,9.51552,20.3237
15,SIFT,BRISK,MAT_FLANN,SEL_NN,9.61241,10.8726
16,SIFT,BRISK,MAT_FLANN,SEL_NN,8.3988,14.7252
0,FAST,SIFT,MAT_BF,SEL_NN,12.6142,12.1821
1,FAST,SIFT,MAT_BF,SEL_NN,14.091,15.8869
2,FAST,SIFT,MAT_BF,SEL_NN,16.6894,14.3528
3,FAST,SIFT,MAT_BF,SEL_NN,15.7465,16.7488
4,FAST,SIFT,MAT_BF,SEL_NN,12.7835,13.2684
5,FAST,SIFT,MAT_BF,SEL_NN,11.9844,13.7176
6,FAST,SIFT,MAT_BF,SEL_NN,13.1241,14.1072
7,FAST,SIFT,MAT_BF,SEL_NN,13.0241,12.3686
8,FAST,SIFT,MAT_BF,SEL_NN,11.1746,12.6422
9,FAST,SIFT,MAT_BF,SEL_NN,12.8086,11.8844
10,FAST,SIFT,MAT_BF,SEL_NN,8.95978,11.6466
11,FAST,SIFT,MAT_BF,SEL_NN,9.96439,11.7236
12,FAST,SIFT,MAT_BF,SEL_NN,9.59863,11.1055
13,FAST,SIFT,MAT_BF,SEL_NN,8.52157,10.6317
14,FAST,SIFT,MAT_BF,SEL_NN,9.51552,10.2295
15,FAST,SIFT,MAT_BF,SEL_NN,9.61241,10.4711
16,FAST,SIFT,MAT_BF,SEL_NN,8.3988,10.8713
0,BRISK,ORB,MAT_FLANN,SEL_NN,12.6142,1147.42
1,BRISK,ORB,MAT_FLANN,SEL_NN,14.091,26.9823
2,BRISK,ORB,MAT_FLANN,SEL_NN,16.6894,-42.9883
3,BRISK,ORB,MAT_FLANN,SEL_NN,15.7465,-81.5021
4,BRISK,ORB,MAT_FLANN,SEL_NN,12.7835,146.954
5,BRISK,ORB,MAT_FLANN,SEL_NN,11.9844,57.4906
6,BRISK,ORB,MAT_FLANN,SEL_NN,13.1241,53.3544
7,BRISK,ORB,MAT_FLANN,SEL_NN,13.0241,21.5376
8,BRISK,ORB,MAT_FLANN,SEL_NN,11.1746,23.2175
9,BRISK,ORB,MAT_FLANN,SEL_NN,12.8086,35.6189
10,BRISK,ORB,MAT_FLANN,SEL_NN,8.95978,17.5797
11,BRISK,ORB,MAT_FLANN,SEL_NN,9.96439,23.281999999999996
12,BRISK,ORB,MAT_FLANN,SEL_NN,9.59863,16.6694
13,BRISK,ORB,MAT_FLANN,SEL_NN,8.52157,28.7308
14,BRISK,ORB,MAT_FLANN,SEL_NN,9.51552,19.1933
15,BRISK,ORB,MAT_FLANN,SEL_NN,9.61241,13.2232
16,BRISK,ORB,MAT_FLANN,SEL_NN,8.3988,22.1416
0,SHITOMASI,BRIEF,MAT_BF,SEL_KNN,12.6142,13.8102
1,SHITOMASI,BRIEF,MAT_BF,SEL_KNN,14.091,11.7319
2,SHITOMASI,BRIEF,MAT_BF,SEL_KNN,16.6894,13.6007
3,SHITOMASI,BRIEF,MAT_BF,SEL_KNN,15.7465,12.3
4,SHITOMASI,BRIEF,MAT_BF,SEL_KNN,12.7835,13.2703
5,SHITOMASI,BRIEF,MAT_BF,SEL_KNN,11.9844,21.3557
6,SHITOMASI,BRIEF,MAT_BF,SEL_KNN,13.1241,12.5199
7,SHITOMASI,BRIEF,MAT_BF,SEL_KNN,13.0241,11.6077
8,SHITOMASI,BRIEF,MAT_BF,SEL_KNN,11.1746,13.6717
9,SHITOMASI,BRIEF,MAT_BF,SEL_KNN,12.8086,11.7805
10,SHITOMASI,BRIEF,MAT_BF,SEL_KNN,8.95978,11.7604
11,SHITOMASI,BRIEF,MAT_BF,SEL_KNN,9.96439,11.7545
12,SHITOMASI,BRIEF,MAT_BF,SEL_KNN,9.59863,11.6524
13,SHITOMASI,BRIEF,MAT_BF,SEL_KNN,8.52157,11.2953
14,SHITOMASI,BRIEF,MAT_BF,SEL_KNN,9.51552,11.5174
15,SHITOMASI,BRIEF,MAT_BF,SEL_KNN,9.61241,11.1869
16,SHITOMASI,BRIEF,MAT_BF,SEL_KNN,8.3988,7.96939
0,SHITOMASI,BRISK,MAT_BF,SEL_KNN,12.6142,12.9876
1,SHITOMASI,BRISK,MAT_BF,SEL_KNN,14.091,13.2474
2,SHITOMASI,BRISK,MAT_BF,SEL_KNN,16.6894,12.8899
3,SHITOMASI,BRISK,MAT_BF,SEL_KNN,15.7465,13.4476
4,SHITOMASI,BRISK,MAT_BF,SEL_KNN,12.7835,13.5266
5,SHITOMASI,BRISK,MAT_BF,SEL_KNN,11.9844,12.7172
6,SHITOMASI,BRISK,MAT_BF,SEL_KNN,13.1241,13.712
7,SHITOMASI,BRISK,MAT_BF,SEL_KNN,13.0241,11.5126
8,SHITOMASI,BRISK,MAT_BF,SEL_KNN,11.1746,13.456
9,SHITOMASI,BRISK,MAT_BF,SEL_KNN,12.8086,11.9816
10,SHITOMASI,BRISK,MAT_BF,SEL_KNN,8.95978,11.8135
11,SHITOMASI,BRISK,MAT_BF,SEL_KNN,9.96439,12.0367
12,SHITOMASI,BRISK,MAT_BF,SEL_KNN,9.59863,11.342
13,SHITOMASI,BRISK,MAT_BF,SEL_KNN,8.52157,9.07784
14,SHITOMASI,BRISK,MAT_BF,SEL_KNN,9.51552,10.4612
15,SHITOMASI,BRISK,MAT_BF,SEL_KNN,9.61241,11.6823
16,SHITOMASI,BRISK,MAT_BF,SEL_KNN,8.3988,9.73863
0,BRISK,BRISK,MAT_FLANN,SEL_KNN,12.6142,22.43
1,BRISK,BRISK,MAT_FLANN,SEL_KNN,14.091,12.5153
2,BRISK,BRISK,MAT_FLANN,SEL_KNN,16.6894,15.3808
3,BRISK,BRISK,MAT_FLANN,SEL_KNN,15.7465,26.2333
4,BRISK,BRISK,MAT_FLANN,SEL_KNN,12.7835,19.6846
5,BRISK,BRISK,MAT_FLANN,SEL_KNN,11.9844,17.1181
6,BRISK,BRISK,MAT_FLANN,SEL_KNN,13.1241,16.0991
7,BRISK,BRISK,MAT_FLANN,SEL_KNN,13.0241,14.5039
8,BRISK,BRISK,MAT_FLANN,SEL_KNN,11.1746,13.9297
9,BRISK,BRISK,MAT_FLANN,SEL_KNN,12.8086,13.2621
10,BRISK,BRISK,MAT_FLANN,SEL_KNN,8.95978,11.3539
11,BRISK,BRISK,MAT_FLANN,SEL_KNN,9.96439,11.9867
12,BRISK,BRISK,MAT_FLANN,SEL_KNN,9.59863,12.3693
13,BRISK,BRISK,MAT_FLANN,SEL_KNN,8.52157,12.2908
14,BRISK,BRISK,MAT_FLANN,SEL_KNN,9.51552,11.405
15,BRISK,BRISK,MAT_FLANN,SEL_KNN,9.61241,9.20252
16,BRISK,BRISK,MAT_FLANN,SEL_KNN,8.3988,10.6963
0,SHITOMASI,SIFT,MAT_FLANN,SEL_KNN,12.5156,14.1113
1,SHITOMASI,SIFT,MAT_FLANN,SEL_KNN,12.6142,12.7566
2,SHITOMASI,SIFT,MAT_FLANN,SEL_KNN,14.091,11.6934
3,SHITOMASI,SIFT,MAT_FLANN,SEL_KNN,16.6894,13.33
4,SHITOMASI,SIFT,MAT_FLANN,SEL_KNN,15.7465,12.4072
5,SHITOMASI,SIFT,MAT_FLANN,SEL_KNN,12.7835,12.4764
6,SHITOMASI,SIFT,MAT_FLANN,SEL_KNN,11.9844,12.6032
7,SHITOMASI,SIFT,MAT_FLANN,SEL_KNN,13.1241,12.1376
8,SHITOMASI,SIFT,MAT_FLANN,SEL_KNN,13.0241,12.0
9,SHITOMASI,SIFT,MAT_FLANN,SEL_KNN,11.1746,13.456
10,SHITOMASI,SIFT,MAT_FLANN,SEL_KNN,12.8086,12.1076
11,SHITOMASI,SIFT,MAT_FLANN,SEL_KNN,8.95978,12.0542
12,SHITOMASI,SIFT,MAT_FLANN,SEL_KNN,9.96439,11.6575
13,SHITOMASI,SIFT,MAT_FLANN,SEL_KNN,9.59863,11.0575
14,SHITOMASI,SIFT,MAT_FLANN,SEL_KNN,8.52157,12.5287
15,SHITOMASI,SIFT,MAT_FLANN,SEL_KNN,9.51552,11.1439
16,SHITOMASI,SIFT,MAT_FLANN,SEL_KNN,9.61241,10.7884
17,SHITOMASI,SIFT,MAT_FLANN,SEL_KNN,8.3988,9.119660000000001
0,SHITOMASI,BRISK,MAT_FLANN,SEL_KNN,12.6142,13.3275
1,SHITOMASI,BRISK,MAT_FLANN,SEL_KNN,14.091,13.2474
2,SHITOMASI,BRISK,MAT_FLANN,SEL_KNN,16.6894,13.0851
3,SHITOMASI,BRISK,MAT_FLANN,SEL_KNN,15.7465,13.5599
4,SHITOMASI,BRISK,MAT_FLANN,SEL_KNN,12.7835,13.5266
5,SHITOMASI,BRISK,MAT_FLANN,SEL_KNN,11.9844,12.9
6,SHITOMASI,BRISK,MAT_FLANN,SEL_KNN,13.1241,13.7279
7,SHITOMASI,BRISK,MAT_FLANN,SEL_KNN,13.0241,11.8904
8,SHITOMASI,BRISK,MAT_FLANN,SEL_KNN,11.1746,13.3762
9,SHITOMASI,BRISK,MAT_FLANN,SEL_KNN,12.8086,11.8507
10,SHITOMASI,BRISK,MAT_FLANN,SEL_KNN,8.95978,11.8135
11,SHITOMASI,BRISK,MAT_FLANN,SEL_KNN,9.96439,12.0367
12,SHITOMASI,BRISK,MAT_FLANN,SEL_KNN,9.59863,11.342
13,SHITOMASI,BRISK,MAT_FLANN,SEL_KNN,8.52157,9.16244
14,SHITOMASI,BRISK,MAT_FLANN,SEL_KNN,9.51552,10.4612
15,SHITOMASI,BRISK,MAT_FLANN,SEL_KNN,9.61241,11.6225
16,SHITOMASI,BRISK,MAT_FLANN,SEL_KNN,8.3988,9.64049
0,SIFT,SIFT,MAT_FLANN,SEL_KNN,12.6142,12.6526
1,SIFT,SIFT,MAT_FLANN,SEL_KNN,14.091,13.1739
2,SIFT,SIFT,MAT_FLANN,SEL_KNN,16.6894,20.4452
3,SIFT,SIFT,MAT_FLANN,SEL_KNN,15.7465,15.0466
4,SIFT,SIFT,MAT_FLANN,SEL_KNN,12.7835,11.1509
5,SIFT,SIFT,MAT_FLANN,SEL_KNN,11.9844,14.4016
6,SIFT,SIFT,MAT_FLANN,SEL_KNN,13.1241,15.7467
7,SIFT,SIFT,MAT_FLANN,SEL_KNN,13.0241,14.4625
8,SIFT,SIFT,MAT_FLANN,SEL_KNN,11.1746,10.7065
9,SIFT,SIFT,MAT_FLANN,SEL_KNN,12.8086,12.0594
10,SIFT,SIFT,MAT_FLANN,SEL_KNN,8.95978,11.3523
11,SIFT,SIFT,MAT_FLANN,SEL_KNN,9.96439,9.66342
12,SIFT,SIFT,MAT_FLANN,SEL_KNN,9.59863,10.6617
13,SIFT,SIFT,MAT_FLANN,SEL_KNN,8.52157,10.4393
14,SIFT,SIFT,MAT_FLANN,SEL_KNN,9.51552,9.74405
15,SIFT,SIFT,MAT_FLANN,SEL_KNN,9.61241,8.86875
16,SIFT,SIFT,MAT_FLANN,SEL_KNN,8.3988,8.96005
0,AKAZE,AKAZE,MAT_FLANN,SEL_KNN,12.6142,14.3689
1,AKAZE,AKAZE,MAT_FLANN,SEL_KNN,14.091,12.9095
2,AKAZE,AKAZE,MAT_FLANN,SEL_KNN,16.6894,14.5112
3,AKAZE,AKAZE,MAT_FLANN,SEL_KNN,15.7465,16.6795
4,AKAZE,AKAZE,MAT_FLANN,SEL_KNN,12.7835,13.8544
5,AKAZE,AKAZE,MAT_FLANN,SEL_KNN,11.9844,15.3462
6,AKAZE,AKAZE,MAT_FLANN,SEL_KNN,13.1241,14.1378
7,AKAZE,AKAZE,MAT_FLANN,SEL_KNN,13.0241,13.864
8,AKAZE,AKAZE,MAT_FLANN,SEL_KNN,11.1746,11.5569
9,AKAZE,AKAZE,MAT_FLANN,SEL_KNN,12.8086,12.1341
10,AKAZE,AKAZE,MAT_FLANN,SEL_KNN,8.95978,11.0555
11,AKAZE,AKAZE,MAT_FLANN,SEL_KNN,9.96439,11.2852
12,AKAZE,AKAZE,MAT_FLANN,SEL_KNN,9.59863,10.5845
13,AKAZE,AKAZE,MAT_FLANN,SEL_KNN,8.52157,10.2172
14,AKAZE,AKAZE,MAT_FLANN,SEL_KNN,9.51552,9.954419999999999
15,AKAZE,AKAZE,MAT_FLANN,SEL_KNN,9.61241,9.13667
16,AKAZE,AKAZE,MAT_FLANN,SEL_KNN,8.3988,8.974110000000001
0,FAST,BRIEF,MAT_FLANN,SEL_KNN,12.5156,11.7503
1,FAST,BRIEF,MAT_FLANN,SEL_KNN,12.6142,11.7077
2,FAST,BRIEF,MAT_FLANN,SEL_KNN,14.091,13.955
3,FAST,BRIEF,MAT_FLANN,SEL_KNN,16.6894,13.2296
4,FAST,BRIEF,MAT_FLANN,SEL_KNN,15.7465,14.8298
5,FAST,BRIEF,MAT_FLANN,SEL_KNN,12.7835,13.5942
6,FAST,BRIEF,MAT_FLANN,SEL_KNN,11.9844,13.1789
7,FAST,BRIEF,MAT_FLANN,SEL_KNN,13.1241,12.6953
8,FAST,BRIEF,MAT_FLANN,SEL_KNN,13.0241,12.8008
9,FAST,BRIEF,MAT_FLANN,SEL_KNN,11.1746,13.0166
10,FAST,BRIEF,MAT_FLANN,SEL_KNN,12.8086,11.8507
11,FAST,BRIEF,MAT_FLANN,SEL_KNN,8.95978,11.5256
12,FAST,BRIEF,MAT_FLANN,SEL_KNN,9.96439,11.7066
13,FAST,BRIEF,MAT_FLANN,SEL_KNN,9.59863,10.6452
14,FAST,BRIEF,MAT_FLANN,SEL_KNN,8.52157,11.5312
15,FAST,BRIEF,MAT_FLANN,SEL_KNN,9.51552,10.323
16,FAST,BRIEF,MAT_FLANN,SEL_KNN,9.61241,9.89452
17,FAST,BRIEF,MAT_FLANN,SEL_KNN,8.3988,11.5081
0,SIFT,FREAK,MAT_BF,SEL_KNN,12.6142,13.8342
1,SIFT,FREAK,MAT_BF,SEL_KNN,14.091,13.6135
2,SIFT,FREAK,MAT_BF,SEL_KNN,16.6894,21.1682
3,SIFT,FREAK,MAT_BF,SEL_KNN,15.7465,13.5635
4,SIFT,FREAK,MAT_BF,SEL_KNN,12.7835,12.2446
5,SIFT,FREAK,MAT_BF,SEL_KNN,11.9844,14.8159
6,SIFT,FREAK,MAT_BF,SEL_KNN,13.1241,15.2357
7,SIFT,FREAK,MAT_BF,SEL_KNN,13.0241,14.389000000000001
8,SIFT,FREAK,MAT_BF,SEL_KNN,11.1746,11.572000000000001
9,SIFT,FREAK,MAT_BF,SEL_KNN,12.8086,12.0829
10,SIFT,FREAK,MAT_BF,SEL_KNN,8.95978,10.0929
11,SIFT,FREAK,MAT_BF,SEL_KNN,9.96439,10.312000000000001
12,SIFT,FREAK,MAT_BF,SEL_KNN,9.59863,9.89671
13,SIFT,FREAK,MAT_BF,SEL_KNN,8.52157,9.19678
14,SIFT,FREAK,MAT_BF,SEL_KNN,9.51552,9.50356
15,SIFT,FREAK,MAT_BF,SEL_KNN,9.61241,9.18097
16,SIFT,FREAK,MAT_BF,SEL_KNN,8.3988,9.932260000000001
0,FAST,ORB,MAT_FLANN,SEL_KNN,12.5156,11.342
1,FAST,ORB,MAT_FLANN,SEL_KNN,12.6142,12.4368
2,FAST,ORB,MAT_FLANN,SEL_KNN,14.091,12.2277
3,FAST,ORB,MAT_FLANN,SEL_KNN,16.6894,12.6846
4,FAST,ORB,MAT_FLANN,SEL_KNN,15.7465,13.2618
5,FAST,ORB,MAT_FLANN,SEL_KNN,12.7835,12.5572
6,FAST,ORB,MAT_FLANN,SEL_KNN,11.9844,13.8434
7,FAST,ORB,MAT_FLANN,SEL_KNN,13.1241,13.0456
8,FAST,ORB,MAT_FLANN,SEL_KNN,13.0241,12.3288
9,FAST,ORB,MAT_FLANN,SEL_KNN,11.1746,13.011
10,FAST,ORB,MAT_FLANN,SEL_KNN,12.8086,11.9072
11,FAST,ORB,MAT_FLANN,SEL_KNN,8.95978,11.2972
12,FAST,ORB,MAT_FLANN,SEL_KNN,9.96439,11.7216
13,FAST,ORB,MAT_FLANN,SEL_KNN,9.59863,10.7766
14,FAST,ORB,MAT_FLANN,SEL_KNN,8.52157,10.5467
15,FAST,ORB,MAT_FLANN,SEL_KNN,9.51552,10.1523
16,FAST,ORB,MAT_FLANN,SEL_KNN,9.61241,9.255339999999999
17,FAST,ORB,MAT_FLANN,SEL_KNN,8.3988,11.3881
0,BRISK,SIFT,MAT_FLANN,SEL_KNN,12.5156,12.9389
1,BRISK,SIFT,MAT_FLANN,SEL_KNN,12.6142,16.0856
2,BRISK,SIFT,MAT_FLANN,SEL_KNN,14.091,17.2877
3,BRISK,SIFT,MAT_FLANN,SEL_KNN,16.6894,14.444
4,BRISK,SIFT,MAT_FLANN,SEL_KNN,15.7465,29.6187
5,BRISK,SIFT,MAT_FLANN,SEL_KNN,12.7835,14.8626
6,BRISK,SIFT,MAT_FLANN,SEL_KNN,11.9844,14.5988
7,BRISK,SIFT,MAT_FLANN,SEL_KNN,13.1241,15.3987
8,BRISK,SIFT,MAT_FLANN,SEL_KNN,13.0241,17.0622
9,BRISK,SIFT,MAT_FLANN,SEL_KNN,11.1746,13.8388
10,BRISK,SIFT,MAT_FLANN,SEL_KNN,12.8086,14.9097
11,BRISK,SIFT,MAT_FLANN,SEL_KNN,8.95978,11.6513
12,BRISK,SIFT,MAT_FLANN,SEL_KNN,9.96439,13.2237
13,BRISK,SIFT,MAT_FLANN,SEL_KNN,9.59863,10.2134
14,BRISK,SIFT,MAT_FLANN,SEL_KNN,8.52157,15.0422
15,BRISK,SIFT,MAT_FLANN,SEL_KNN,9.51552,11.1467
16,BRISK,SIFT,MAT_FLANN,SEL_KNN,9.61241,9.8098
17,BRISK,SIFT,MAT_FLANN,SEL_KNN,8.3988,12.3655
0,BRISK,BRISK,MAT_BF,SEL_KNN,12.6142,21.5276
1,BRISK,BRISK,MAT_BF,SEL_KNN,14.091,12.625
2,BRISK,BRISK,MAT_BF,SEL_KNN,16.6894,15.2037
3,BRISK,BRISK,MAT_BF,SEL_KNN,15.7465,27.6679
4,BRISK,BRISK,MAT_BF,SEL_KNN,12.7835,18.3114
5,BRISK,BRISK,MAT_BF,SEL_KNN,11.9844,17.1427
6,BRISK,BRISK,MAT_BF,SEL_KNN,13.1241,16.0991
7,BRISK,BRISK,MAT_BF,SEL_KNN,13.0241,14.800999999999998
8,BRISK,BRISK,MAT_BF,SEL_KNN,11.1746,13.9297
9,BRISK,BRISK,MAT_BF,SEL_KNN,12.8086,13.1359
10,BRISK,BRISK,MAT_BF,SEL_KNN,8.95978,11.3409
11,BRISK,BRISK,MAT_BF,SEL_KNN,9.96439,11.8565
12,BRISK,BRISK,MAT_BF,SEL_KNN,9.59863,12.4013
13,BRISK,BRISK,MAT_BF,SEL_KNN,8.52157,12.7089
14,BRISK,BRISK,MAT_BF,SEL_KNN,9.51552,11.503
15,BRISK,BRISK,MAT_BF,SEL_KNN,9.61241,9.29379
16,BRISK,BRISK,MAT_BF,SEL_KNN,8.3988,10.7753
0,SHITOMASI,ORB,MAT_BF,SEL_KNN,12.6142,12.6968
1,SHITOMASI,ORB,MAT_BF,SEL_KNN,14.091,11.99
2,SHITOMASI,ORB,MAT_BF,SEL_KNN,16.6894,12.5517
3,SHITOMASI,ORB,MAT_BF,SEL_KNN,15.7465,12.1886
4,SHITOMASI,ORB,MAT_BF,SEL_KNN,12.7835,13.7364
5,SHITOMASI,ORB,MAT_BF,SEL_KNN,11.9844,11.9941
6,SHITOMASI,ORB,MAT_BF,SEL_KNN,13.1241,12.5093
7,SHITOMASI,ORB,MAT_BF,SEL_KNN,13.0241,11.3469
8,SHITOMASI,ORB,MAT_BF,SEL_KNN,11.1746,13.3149
9,SHITOMASI,ORB,MAT_BF,SEL_KNN,12.8086,11.3246
10,SHITOMASI,ORB,MAT_BF,SEL_KNN,8.95978,11.5372
11,SHITOMASI,ORB,MAT_BF,SEL_KNN,9.96439,12.3111
12,SHITOMASI,ORB,MAT_BF,SEL_KNN,9.59863,11.3471
13,SHITOMASI,ORB,MAT_BF,SEL_KNN,8.52157,10.4584
14,SHITOMASI,ORB,MAT_BF,SEL_KNN,9.51552,10.8903
15,SHITOMASI,ORB,MAT_BF,SEL_KNN,9.61241,10.7263
16,SHITOMASI,ORB,MAT_BF,SEL_KNN,8.3988,8.08727
0,SIFT,FREAK,MAT_FLANN,SEL_KNN,12.6142,13.616
1,SIFT,FREAK,MAT_FLANN,SEL_KNN,14.091,13.5201
2,SIFT,FREAK,MAT_FLANN,SEL_KNN,16.6894,21.1682
3,SIFT,FREAK,MAT_FLANN,SEL_KNN,15.7465,13.5635
4,SIFT,FREAK,MAT_FLANN,SEL_KNN,12.7835,12.2446
5,SIFT,FREAK,MAT_FLANN,SEL_KNN,11.9844,14.8159
6,SIFT,FREAK,MAT_FLANN,SEL_KNN,13.1241,15.2357
7,SIFT,FREAK,MAT_FLANN,SEL_KNN,13.0241,14.389000000000001
8,SIFT,FREAK,MAT_FLANN,SEL_KNN,11.1746,11.572000000000001
9,SIFT,FREAK,MAT_FLANN,SEL_KNN,12.8086,12.0829
10,SIFT,FREAK,MAT_FLANN,SEL_KNN,8.95978,10.0929
11,SIFT,FREAK,MAT_FLANN,SEL_KNN,9.96439,10.312000000000001
12,SIFT,FREAK,MAT_FLANN,SEL_KNN,9.59863,9.89671
13,SIFT,FREAK,MAT_FLANN,SEL_KNN,8.52157,9.19678
14,SIFT,FREAK,MAT_FLANN,SEL_KNN,9.51552,9.50356
15,SIFT,FREAK,MAT_FLANN,SEL_KNN,9.61241,9.18097
16,SIFT,FREAK,MAT_FLANN,SEL_KNN,8.3988,9.932260000000001
0,ORB,SIFT,MAT_FLANN,SEL_NN,12.6142,13.0953
1,ORB,SIFT,MAT_FLANN,SEL_NN,14.091,24.1686
2,ORB,SIFT,MAT_FLANN,SEL_NN,16.6894,-inf
3,ORB,SIFT,MAT_FLANN,SEL_NN,15.7465,24.4933
4,ORB,SIFT,MAT_FLANN,SEL_NN,12.7835,71.9201
5,ORB,SIFT,MAT_FLANN,SEL_NN,11.9844,13.7831
6,ORB,SIFT,MAT_FLANN,SEL_NN,13.1241,10.196
7,ORB,SIFT,MAT_FLANN,SEL_NN,13.0241,12.9284
8,ORB,SIFT,MAT_FLANN,SEL_NN,11.1746,16.7855
9,ORB,SIFT,MAT_FLANN,SEL_NN,12.8086,9.20223
10,ORB,SIFT,MAT_FLANN,SEL_NN,8.95978,-inf
11,ORB,SIFT,MAT_FLANN,SEL_NN,9.96439,39.4533
12,ORB,SIFT,MAT_FLANN,SEL_NN,9.59863,519.592
13,ORB,SIFT,MAT_FLANN,SEL_NN,8.52157,-inf
14,ORB,SIFT,MAT_FLANN,SEL_NN,9.61241,25.5645
15,ORB,SIFT,MAT_FLANN,SEL_NN,8.3988,17.0851
0,SHITOMASI,FREAK,MAT_BF,SEL_NN,12.6142,-1.92935
1,SHITOMASI,FREAK,MAT_BF,SEL_NN,14.091,31.5217
2,SHITOMASI,FREAK,MAT_BF,SEL_NN,16.6894,-inf
3,SHITOMASI,FREAK,MAT_BF,SEL_NN,15.7465,294.29400000000004
4,SHITOMASI,FREAK,MAT_BF,SEL_NN,12.7835,-inf
5,SHITOMASI,FREAK,MAT_BF,SEL_NN,11.9844,-inf
6,SHITOMASI,FREAK,MAT_BF,SEL_NN,13.1241,-inf
7,SHITOMASI,FREAK,MAT_BF,SEL_NN,13.0241,-inf
8,SHITOMASI,FREAK,MAT_BF,SEL_NN,11.1746,-10.1637
9,SHITOMASI,FREAK,MAT_BF,SEL_NN,12.8086,13.7312
10,SHITOMASI,FREAK,MAT_BF,SEL_NN,8.95978,-1.28216
11,SHITOMASI,FREAK,MAT_BF,SEL_NN,9.96439,15.2312
12,SHITOMASI,FREAK,MAT_BF,SEL_NN,9.59863,54.8363
13,SHITOMASI,FREAK,MAT_BF,SEL_NN,8.52157,-1.22774
14,SHITOMASI,FREAK,MAT_BF,SEL_NN,9.51552,14.9962
15,SHITOMASI,FREAK,MAT_BF,SEL_NN,9.61241,14.6962
16,SHITOMASI,FREAK,MAT_BF,SEL_NN,8.3988,11.5062
0,FAST,BRISK,MAT_FLANN,SEL_KNN,12.6142,12.3534
1,FAST,BRISK,MAT_FLANN,SEL_KNN,14.091,12.2073
2,FAST,BRISK,MAT_FLANN,SEL_KNN,16.6894,12.7
3,FAST,BRISK,MAT_FLANN,SEL_KNN,15.7465,13.7785
4,FAST,BRISK,MAT_FLANN,SEL_KNN,12.7835,12.3315
5,FAST,BRISK,MAT_FLANN,SEL_KNN,11.9844,12.915
6,FAST,BRISK,MAT_FLANN,SEL_KNN,13.1241,12.161
7,FAST,BRISK,MAT_FLANN,SEL_KNN,13.0241,12.4101
8,FAST,BRISK,MAT_FLANN,SEL_KNN,11.1746,14.0151
9,FAST,BRISK,MAT_FLANN,SEL_KNN,12.8086,12.0998
10,FAST,BRISK,MAT_FLANN,SEL_KNN,8.95978,12.5595
11,FAST,BRISK,MAT_FLANN,SEL_KNN,9.96439,11.6909
12,FAST,BRISK,MAT_FLANN,SEL_KNN,9.59863,11.5016
13,FAST,BRISK,MAT_FLANN,SEL_KNN,8.52157,11.1409
14,FAST,BRISK,MAT_FLANN,SEL_KNN,9.51552,11.1409
15,FAST,BRISK,MAT_FLANN,SEL_KNN,9.61241,10.5263
16,FAST,BRISK,MAT_FLANN,SEL_KNN,8.3988,11.7575
0,AKAZE,AKAZE,MAT_FLANN,SEL_NN,12.6142,19.8185
1,AKAZE,AKAZE,MAT_FLANN,SEL_NN,14.091,14.9025
2,AKAZE,AKAZE,MAT_FLANN,SEL_NN,16.6894,22.7056
3,AKAZE,AKAZE,MAT_FLANN,SEL_NN,15.7465,21.105999999999998
4,AKAZE,AKAZE,MAT_FLANN,SEL_NN,12.7835,13.4992
5,AKAZE,AKAZE,MAT_FLANN,SEL_NN,11.9844,16.6061
6,AKAZE,AKAZE,MAT_FLANN,SEL_NN,13.1241,16.7428
7,AKAZE,AKAZE,MAT_FLANN,SEL_NN,13.0241,15.3227
8,AKAZE,AKAZE,MAT_FLANN,SEL_NN,11.1746,13.2389
9,AKAZE,AKAZE,MAT_FLANN,SEL_NN,12.8086,13.4755
10,AKAZE,AKAZE,MAT_FLANN,SEL_NN,8.95978,21.6827
11,AKAZE,AKAZE,MAT_FLANN,SEL_NN,9.96439,13.1039
12,AKAZE,AKAZE,MAT_FLANN,SEL_NN,9.59863,11.3418
13,AKAZE,AKAZE,MAT_FLANN,SEL_NN,8.52157,17.3782
14,AKAZE,AKAZE,MAT_FLANN,SEL_NN,9.51552,14.1236
15,AKAZE,AKAZE,MAT_FLANN,SEL_NN,9.61241,10.9989
16,AKAZE,AKAZE,MAT_FLANN,SEL_NN,8.3988,10.5076
0,SIFT,BRIEF,MAT_BF,SEL_NN,12.6142,19.3543
1,SIFT,BRIEF,MAT_BF,SEL_NN,14.091,19.7102
2,SIFT,BRIEF,MAT_BF,SEL_NN,16.6894,28.824
3,SIFT,BRIEF,MAT_BF,SEL_NN,15.7465,17.1653
4,SIFT,BRIEF,MAT_BF,SEL_NN,12.7835,16.4935
5,SIFT,BRIEF,MAT_BF,SEL_NN,11.9844,16.9266
6,SIFT,BRIEF,MAT_BF,SEL_NN,13.1241,23.9333
7,SIFT,BRIEF,MAT_BF,SEL_NN,13.0241,14.6838
8,SIFT,BRIEF,MAT_BF,SEL_NN,11.1746,11.034
9,SIFT,BRIEF,MAT_BF,SEL_NN,12.8086,14.0309
10,SIFT,BRIEF,MAT_BF,SEL_NN,8.95978,10.6742
11,SIFT,BRIEF,MAT_BF,SEL_NN,9.96439,9.703510000000001
12,SIFT,BRIEF,MAT_BF,SEL_NN,9.59863,11.3389
13,SIFT,BRIEF,MAT_BF,SEL_NN,8.52157,9.435080000000001
14,SIFT,BRIEF,MAT_BF,SEL_NN,9.51552,9.2283
15,SIFT,BRIEF,MAT_BF,SEL_NN,9.61241,8.39126
16,SIFT,BRIEF,MAT_BF,SEL_NN,8.3988,10.0599
0,ORB,SIFT,MAT_BF,SEL_KNN,12.6142,10.546
1,ORB,SIFT,MAT_BF,SEL_KNN,15.7465,167.62900000000002
2,ORB,SIFT,MAT_BF,SEL_KNN,12.7835,23.3305
3,ORB,SIFT,MAT_BF,SEL_KNN,11.9844,-inf
4,ORB,SIFT,MAT_BF,SEL_KNN,13.1241,10.4477
5,ORB,SIFT,MAT_BF,SEL_KNN,13.0241,13.9168
6,ORB,SIFT,MAT_BF,SEL_KNN,11.1746,12.7391
7,ORB,SIFT,MAT_BF,SEL_KNN,12.8086,10.1214
8,ORB,SIFT,MAT_BF,SEL_KNN,8.95978,-inf
9,ORB,SIFT,MAT_BF,SEL_KNN,9.96439,7.87863
10,ORB,SIFT,MAT_BF,SEL_KNN,9.59863,18.4901
11,ORB,SIFT,MAT_BF,SEL_KNN,8.52157,16.5521
12,ORB,SIFT,MAT_BF,SEL_KNN,8.3988,11.2833
0,SIFT,BRIEF,MAT_BF,SEL_KNN,12.6142,14.2387
1,SIFT,BRIEF,MAT_BF,SEL_KNN,14.091,15.0801
2,SIFT,BRIEF,MAT_BF,SEL_KNN,16.6894,21.4355
3,SIFT,BRIEF,MAT_BF,SEL_KNN,15.7465,13.5967
4,SIFT,BRIEF,MAT_BF,SEL_KNN,12.7835,12.5584
5,SIFT,BRIEF,MAT_BF,SEL_KNN,11.9844,14.5816
6,SIFT,BRIEF,MAT_BF,SEL_KNN,13.1241,15.2572
7,SIFT,BRIEF,MAT_BF,SEL_KNN,13.0241,13.0451
8,SIFT,BRIEF,MAT_BF,SEL_KNN,11.1746,10.3097
9,SIFT,BRIEF,MAT_BF,SEL_KNN,12.8086,13.0457
10,SIFT,BRIEF,MAT_BF,SEL_KNN,8.95978,9.87036
11,SIFT,BRIEF,MAT_BF,SEL_KNN,9.96439,10.1399
12,SIFT,BRIEF,MAT_BF,SEL_KNN,9.59863,9.2679
13,SIFT,BRIEF,MAT_BF,SEL_KNN,8.52157,9.99598
14,SIFT,BRIEF,MAT_BF,SEL_KNN,9.51552,9.069230000000001
15,SIFT,BRIEF,MAT_BF,SEL_KNN,9.61241,8.94618
16,SIFT,BRIEF,MAT_BF,SEL_KNN,8.3988,9.232569999999999
0,FAST,FREAK,MAT_BF,SEL_NN,12.6142,-10.0666
1,FAST,FREAK,MAT_BF,SEL_NN,14.091,-212.67700000000002
2,FAST,FREAK,MAT_BF,SEL_NN,16.6894,-11.5727
3,FAST,FREAK,MAT_BF,SEL_NN,15.7465,67.9662
4,FAST,FREAK,MAT_BF,SEL_NN,12.7835,-9.03085
5,FAST,FREAK,MAT_BF,SEL_NN,11.9844,-5.41384
6,FAST,FREAK,MAT_BF,SEL_NN,13.1241,-12.4271
7,FAST,FREAK,MAT_BF,SEL_NN,13.0241,-inf
8,FAST,FREAK,MAT_BF,SEL_NN,11.1746,-inf
9,FAST,FREAK,MAT_BF,SEL_NN,12.8086,-19.0633
10,FAST,FREAK,MAT_BF,SEL_NN,8.95978,-inf
11,FAST,FREAK,MAT_BF,SEL_NN,9.96439,212.797
12,FAST,FREAK,MAT_BF,SEL_NN,9.59863,17.1137
13,FAST,FREAK,MAT_BF,SEL_NN,8.52157,14.3528
14,FAST,FREAK,MAT_BF,SEL_NN,9.51552,37.762
15,FAST,FREAK,MAT_BF,SEL_NN,9.61241,17.4649
16,FAST,FREAK,MAT_BF,SEL_NN,8.3988,-342.967
0,SHITOMASI,BRIEF,MAT_FLANN,SEL_KNN,12.6142,13.8102
1,SHITOMASI,BRIEF,MAT_FLANN,SEL_KNN,14.091,11.7319
2,SHITOMASI,BRIEF,MAT_FLANN,SEL_KNN,16.6894,13.6007
3,SHITOMASI,BRIEF,MAT_FLANN,SEL_KNN,15.7465,12.3
4,SHITOMASI,BRIEF,MAT_FLANN,SEL_KNN,12.7835,13.2703
5,SHITOMASI,BRIEF,MAT_FLANN,SEL_KNN,11.9844,21.3557
6,SHITOMASI,BRIEF,MAT_FLANN,SEL_KNN,13.1241,12.5199
7,SHITOMASI,BRIEF,MAT_FLANN,SEL_KNN,13.0241,11.6077
8,SHITOMASI,BRIEF,MAT_FLANN,SEL_KNN,11.1746,13.6717
9,SHITOMASI,BRIEF,MAT_FLANN,SEL_KNN,12.8086,11.7805
10,SHITOMASI,BRIEF,MAT_FLANN,SEL_KNN,8.95978,11.6083
11,SHITOMASI,BRIEF,MAT_FLANN,SEL_KNN,9.96439,11.7545
12,SHITOMASI,BRIEF,MAT_FLANN,SEL_KNN,9.59863,11.6524
13,SHITOMASI,BRIEF,MAT_FLANN,SEL_KNN,8.52157,11.2953
14,SHITOMASI,BRIEF,MAT_FLANN,SEL_KNN,9.51552,11.2036
15,SHITOMASI,BRIEF,MAT_FLANN,SEL_KNN,9.61241,11.1869
16,SHITOMASI,BRIEF,MAT_FLANN,SEL_KNN,8.3988,7.96939
0,BRISK,BRIEF,MAT_FLANN,SEL_KNN,12.6142,17.0882
1,BRISK,BRIEF,MAT_FLANN,SEL_KNN,14.091,11.6672
2,BRISK,BRIEF,MAT_FLANN,SEL_KNN,16.6894,20.5725
3,BRISK,BRIEF,MAT_FLANN,SEL_KNN,15.7465,19.7052
4,BRISK,BRIEF,MAT_FLANN,SEL_KNN,12.7835,17.5642
5,BRISK,BRIEF,MAT_FLANN,SEL_KNN,11.9844,15.5883
6,BRISK,BRIEF,MAT_FLANN,SEL_KNN,13.1241,18.7451
7,BRISK,BRIEF,MAT_FLANN,SEL_KNN,13.0241,15.4645
8,BRISK,BRIEF,MAT_FLANN,SEL_KNN,11.1746,11.4853
9,BRISK,BRIEF,MAT_FLANN,SEL_KNN,12.8086,13.3676
10,BRISK,BRIEF,MAT_FLANN,SEL_KNN,8.95978,14.3096
11,BRISK,BRIEF,MAT_FLANN,SEL_KNN,9.96439,12.3266
12,BRISK,BRIEF,MAT_FLANN,SEL_KNN,9.59863,10.9457
13,BRISK,BRIEF,MAT_FLANN,SEL_KNN,8.52157,11.6294
14,BRISK,BRIEF,MAT_FLANN,SEL_KNN,9.51552,12.1739
15,BRISK,BRIEF,MAT_FLANN,SEL_KNN,9.61241,11.3792
16,BRISK,BRIEF,MAT_FLANN,SEL_KNN,8.3988,10.7022
0,ORB,ORB,MAT_BF,SEL_KNN,14.091,17.3391
1,ORB,ORB,MAT_BF,SEL_KNN,15.7465,30.1357
2,ORB,ORB,MAT_BF,SEL_KNN,12.7835,-inf
3,ORB,ORB,MAT_BF,SEL_KNN,11.9844,-inf
4,ORB,ORB,MAT_BF,SEL_KNN,13.1241,9.44631
5,ORB,ORB,MAT_BF,SEL_KNN,13.0241,21.4942
6,ORB,ORB,MAT_BF,SEL_KNN,11.1746,23.3467
7,ORB,ORB,MAT_BF,SEL_KNN,12.8086,8.28796
8,ORB,ORB,MAT_BF,SEL_KNN,8.95978,35.6408
9,ORB,ORB,MAT_BF,SEL_KNN,9.96439,9.77565
10,ORB,ORB,MAT_BF,SEL_KNN,9.59863,9.64414
11,ORB,ORB,MAT_BF,SEL_KNN,8.52157,12.6741
12,ORB,ORB,MAT_BF,SEL_KNN,9.61241,12.8853
0,ORB,BRIEF,MAT_FLANN,SEL_NN,12.6142,17.0278
1,ORB,BRIEF,MAT_FLANN,SEL_NN,14.091,86.6454
2,ORB,BRIEF,MAT_FLANN,SEL_NN,16.6894,482.13699999999994
3,ORB,BRIEF,MAT_FLANN,SEL_NN,15.7465,38.024
4,ORB,BRIEF,MAT_FLANN,SEL_NN,12.7835,19.5976
5,ORB,BRIEF,MAT_FLANN,SEL_NN,11.9844,77.6427
6,ORB,BRIEF,MAT_FLANN,SEL_NN,13.1241,55.2338
7,ORB,BRIEF,MAT_FLANN,SEL_NN,13.0241,15.5476
8,ORB,BRIEF,MAT_FLANN,SEL_NN,11.1746,10.6893
9,ORB,BRIEF,MAT_FLANN,SEL_NN,12.8086,10.4394
10,ORB,BRIEF,MAT_FLANN,SEL_NN,8.95978,20.7697
11,ORB,BRIEF,MAT_FLANN,SEL_NN,9.96439,10.4454
12,ORB,BRIEF,MAT_FLANN,SEL_NN,9.59863,9.63701
13,ORB,BRIEF,MAT_FLANN,SEL_NN,8.52157,10.1008
14,ORB,BRIEF,MAT_FLANN,SEL_NN,9.51552,13.857000000000001
15,ORB,BRIEF,MAT_FLANN,SEL_NN,9.61241,15.6675
16,ORB,BRIEF,MAT_FLANN,SEL_NN,8.3988,14.9451
0,BRISK,SIFT,MAT_BF,SEL_NN,12.6142,17.5374
1,BRISK,SIFT,MAT_BF,SEL_NN,14.091,25.8055
2,BRISK,SIFT,MAT_BF,SEL_NN,16.6894,26.7053
3,BRISK,SIFT,MAT_BF,SEL_NN,15.7465,44.1128
4,BRISK,SIFT,MAT_BF,SEL_NN,12.7835,16.2984
5,BRISK,SIFT,MAT_BF,SEL_NN,11.9844,19.6355
6,BRISK,SIFT,MAT_BF,SEL_NN,13.1241,23.6277
7,BRISK,SIFT,MAT_BF,SEL_NN,13.0241,16.9792
8,BRISK,SIFT,MAT_BF,SEL_NN,11.1746,16.3712
9,BRISK,SIFT,MAT_BF,SEL_NN,12.8086,14.789000000000001
10,BRISK,SIFT,MAT_BF,SEL_NN,8.95978,15.7144
11,BRISK,SIFT,MAT_BF,SEL_NN,9.96439,16.2683
12,BRISK,SIFT,MAT_BF,SEL_NN,9.59863,12.5169
13,BRISK,SIFT,MAT_BF,SEL_NN,8.52157,15.6674
14,BRISK,SIFT,MAT_BF,SEL_NN,9.51552,11.8048
15,BRISK,SIFT,MAT_BF,SEL_NN,9.61241,12.7216
16,BRISK,SIFT,MAT_BF,SEL_NN,8.3988,16.9026
0,BRISK,ORB,MAT_FLANN,SEL_KNN,12.6142,20.5788
1,BRISK,ORB,MAT_FLANN,SEL_KNN,14.091,13.4607
2,BRISK,ORB,MAT_FLANN,SEL_KNN,16.6894,16.6159
3,BRISK,ORB,MAT_FLANN,SEL_KNN,15.7465,20.3428
4,BRISK,ORB,MAT_FLANN,SEL_KNN,12.7835,21.3891
5,BRISK,ORB,MAT_FLANN,SEL_KNN,11.9844,16.8209
6,BRISK,ORB,MAT_FLANN,SEL_KNN,13.1241,15.8923
7,BRISK,ORB,MAT_FLANN,SEL_KNN,13.0241,14.9216
8,BRISK,ORB,MAT_FLANN,SEL_KNN,11.1746,11.5275
9,BRISK,ORB,MAT_FLANN,SEL_KNN,12.8086,13.7091
10,BRISK,ORB,MAT_FLANN,SEL_KNN,8.95978,10.9448
11,BRISK,ORB,MAT_FLANN,SEL_KNN,9.96439,11.2201
12,BRISK,ORB,MAT_FLANN,SEL_KNN,9.59863,12.6341
13,BRISK,ORB,MAT_FLANN,SEL_KNN,8.52157,11.4323
14,BRISK,ORB,MAT_FLANN,SEL_KNN,9.51552,11.5484
15,BRISK,ORB,MAT_FLANN,SEL_KNN,9.61241,10.1334
16,BRISK,ORB,MAT_FLANN,SEL_KNN,8.3988,11.2444
0,BRISK,BRIEF,MAT_BF,SEL_NN,12.6142,26.3919
1,BRISK,BRIEF,MAT_BF,SEL_NN,14.091,13.085999999999999
2,BRISK,BRIEF,MAT_BF,SEL_NN,16.6894,25.5861
3,BRISK,BRIEF,MAT_BF,SEL_NN,15.7465,31.1908
4,BRISK,BRIEF,MAT_BF,SEL_NN,12.7835,26.8787
5,BRISK,BRIEF,MAT_BF,SEL_NN,11.9844,19.8354
6,BRISK,BRIEF,MAT_BF,SEL_NN,13.1241,21.7126
7,BRISK,BRIEF,MAT_BF,SEL_NN,13.0241,17.1026
8,BRISK,BRIEF,MAT_BF,SEL_NN,11.1746,15.1614
9,BRISK,BRIEF,MAT_BF,SEL_NN,12.8086,12.0335
10,BRISK,BRIEF,MAT_BF,SEL_NN,8.95978,14.6907
11,BRISK,BRIEF,MAT_BF,SEL_NN,9.96439,14.5774
12,BRISK,BRIEF,MAT_BF,SEL_NN,9.59863,10.6288
13,BRISK,BRIEF,MAT_BF,SEL_NN,8.52157,12.147
14,BRISK,BRIEF,MAT_BF,SEL_NN,9.51552,14.6718
15,BRISK,BRIEF,MAT_BF,SEL_NN,9.61241,11.2256
16,BRISK,BRIEF,MAT_BF,SEL_NN,8.3988,10.3103
0,ORB,ORB,MAT_BF,SEL_NN,12.6142,21.1404
1,ORB,ORB,MAT_BF,SEL_NN,14.091,-inf
2,ORB,ORB,MAT_BF,SEL_NN,16.6894,59.5561
3,ORB,ORB,MAT_BF,SEL_NN,15.7465,485.46
4,ORB,ORB,MAT_BF,SEL_NN,12.7835,19.0798
5,ORB,ORB,MAT_BF,SEL_NN,11.9844,19.2742
6,ORB,ORB,MAT_BF,SEL_NN,13.1241,10.8663
7,ORB,ORB,MAT_BF,SEL_NN,13.0241,2816750.0
8,ORB,ORB,MAT_BF,SEL_NN,11.1746,24.1901
9,ORB,ORB,MAT_BF,SEL_NN,12.8086,10.6169
10,ORB,ORB,MAT_BF,SEL_NN,8.95978,-inf
11,ORB,ORB,MAT_BF,SEL_NN,9.96439,11.4121
12,ORB,ORB,MAT_BF,SEL_NN,9.59863,13.6616
13,ORB,ORB,MAT_BF,SEL_NN,8.52157,33.3507
14,ORB,ORB,MAT_BF,SEL_NN,9.51552,9.93271
15,ORB,ORB,MAT_BF,SEL_NN,9.61241,36.5721
16,ORB,ORB,MAT_BF,SEL_NN,8.3988,29.838
0,BRISK,BRISK,MAT_BF,SEL_NN,12.6142,61.9163
1,BRISK,BRISK,MAT_BF,SEL_NN,14.091,18.7043
2,BRISK,BRISK,MAT_BF,SEL_NN,16.6894,31.1267
3,BRISK,BRISK,MAT_BF,SEL_NN,15.7465,70.6119
4,BRISK,BRISK,MAT_BF,SEL_NN,12.7835,70.7064
5,BRISK,BRISK,MAT_BF,SEL_NN,11.9844,32.7785
6,BRISK,BRISK,MAT_BF,SEL_NN,13.1241,28.3591
7,BRISK,BRISK,MAT_BF,SEL_NN,13.0241,20.055999999999997
8,BRISK,BRISK,MAT_BF,SEL_NN,11.1746,61.2615
9,BRISK,BRISK,MAT_BF,SEL_NN,12.8086,25.5085
10,BRISK,BRISK,MAT_BF,SEL_NN,8.95978,30.6352
11,BRISK,BRISK,MAT_BF,SEL_NN,9.96439,14.3628
12,BRISK,BRISK,MAT_BF,SEL_NN,9.59863,20.9858
13,BRISK,BRISK,MAT_BF,SEL_NN,8.52157,18.2518
14,BRISK,BRISK,MAT_BF,SEL_NN,9.51552,15.123
15,BRISK,BRISK,MAT_BF,SEL_NN,9.61241,10.962
16,BRISK,BRISK,MAT_BF,SEL_NN,8.3988,15.0117
0,AKAZE,AKAZE,MAT_BF,SEL_KNN,12.6142,14.0983
1,AKAZE,AKAZE,MAT_BF,SEL_KNN,14.091,12.8828
2,AKAZE,AKAZE,MAT_BF,SEL_KNN,16.6894,14.4781
3,AKAZE,AKAZE,MAT_BF,SEL_KNN,15.7465,16.7468
4,AKAZE,AKAZE,MAT_BF,SEL_KNN,12.7835,13.8675
5,AKAZE,AKAZE,MAT_BF,SEL_KNN,11.9844,15.3462
6,AKAZE,AKAZE,MAT_BF,SEL_KNN,13.1241,14.1378
7,AKAZE,AKAZE,MAT_BF,SEL_KNN,13.0241,13.8398
8,AKAZE,AKAZE,MAT_BF,SEL_KNN,11.1746,11.5483
9,AKAZE,AKAZE,MAT_BF,SEL_KNN,12.8086,12.1341
10,AKAZE,AKAZE,MAT_BF,SEL_KNN,8.95978,11.0555
11,AKAZE,AKAZE,MAT_BF,SEL_KNN,9.96439,11.2852
12,AKAZE,AKAZE,MAT_BF,SEL_KNN,9.59863,10.5845
13,AKAZE,AKAZE,MAT_BF,SEL_KNN,8.52157,10.1989
14,AKAZE,AKAZE,MAT_BF,SEL_KNN,9.51552,9.8136
15,AKAZE,AKAZE,MAT_BF,SEL_KNN,9.61241,9.06452
16,AKAZE,AKAZE,MAT_BF,SEL_KNN,8.3988,8.973980000000001
0,FAST,SIFT,MAT_FLANN,SEL_KNN,12.5156,12.6137
1,FAST,SIFT,MAT_FLANN,SEL_KNN,12.6142,11.3782
2,FAST,SIFT,MAT_FLANN,SEL_KNN,14.091,13.9293
3,FAST,SIFT,MAT_FLANN,SEL_KNN,16.6894,13.0998
4,FAST,SIFT,MAT_FLANN,SEL_KNN,15.7465,14.1896
5,FAST,SIFT,MAT_FLANN,SEL_KNN,12.7835,12.8011
6,FAST,SIFT,MAT_FLANN,SEL_KNN,11.9844,12.2279
7,FAST,SIFT,MAT_FLANN,SEL_KNN,13.1241,12.8288
8,FAST,SIFT,MAT_FLANN,SEL_KNN,13.0241,12.479000000000001
9,FAST,SIFT,MAT_FLANN,SEL_KNN,11.1746,12.6684
10,FAST,SIFT,MAT_FLANN,SEL_KNN,12.8086,11.9056
11,FAST,SIFT,MAT_FLANN,SEL_KNN,8.95978,11.2318
12,FAST,SIFT,MAT_FLANN,SEL_KNN,9.96439,11.6383
13,FAST,SIFT,MAT_FLANN,SEL_KNN,9.59863,11.232000000000001
14,FAST,SIFT,MAT_FLANN,SEL_KNN,8.52157,10.8743
15,FAST,SIFT,MAT_FLANN,SEL_KNN,9.51552,10.1573
16,FAST,SIFT,MAT_FLANN,SEL_KNN,9.61241,9.57741
17,FAST,SIFT,MAT_FLANN,SEL_KNN,8.3988,10.6504
0,SHITOMASI,SIFT,MAT_BF,SEL_KNN,12.5156,14.2804
1,SHITOMASI,SIFT,MAT_BF,SEL_KNN,12.6142,12.9004
2,SHITOMASI,SIFT,MAT_BF,SEL_KNN,14.091,11.6087
3,SHITOMASI,SIFT,MAT_BF,SEL_KNN,16.6894,12.9209
4,SHITOMASI,SIFT,MAT_BF,SEL_KNN,15.7465,12.1886
5,SHITOMASI,SIFT,MAT_BF,SEL_KNN,12.7835,13.0553
6,SHITOMASI,SIFT,MAT_BF,SEL_KNN,11.9844,12.6612
7,SHITOMASI,SIFT,MAT_BF,SEL_KNN,13.1241,12.1376
8,SHITOMASI,SIFT,MAT_BF,SEL_KNN,13.0241,11.9899
9,SHITOMASI,SIFT,MAT_BF,SEL_KNN,11.1746,13.5009
10,SHITOMASI,SIFT,MAT_BF,SEL_KNN,12.8086,12.1076
11,SHITOMASI,SIFT,MAT_BF,SEL_KNN,8.95978,11.8967
12,SHITOMASI,SIFT,MAT_BF,SEL_KNN,9.96439,11.6227
13,SHITOMASI,SIFT,MAT_BF,SEL_KNN,9.59863,10.9335
14,SHITOMASI,SIFT,MAT_BF,SEL_KNN,8.52157,12.5287
15,SHITOMASI,SIFT,MAT_BF,SEL_KNN,9.51552,10.68
16,SHITOMASI,SIFT,MAT_BF,SEL_KNN,9.61241,10.7884
17,SHITOMASI,SIFT,MAT_BF,SEL_KNN,8.3988,9.52513
0,SIFT,SIFT,MAT_FLANN,SEL_NN,12.6142,-0.484299
1,SIFT,SIFT,MAT_FLANN,SEL_NN,14.091,33.672
2,SIFT,SIFT,MAT_FLANN,SEL_NN,16.6894,-1.10971
3,SIFT,SIFT,MAT_FLANN,SEL_NN,15.7465,-0.921149
4,SIFT,SIFT,MAT_FLANN,SEL_NN,12.7835,-0.43459799999999993
5,SIFT,SIFT,MAT_FLANN,SEL_NN,11.9844,-0.278737
6,SIFT,SIFT,MAT_FLANN,SEL_NN,13.1241,-0.36642800000000003
7,SIFT,SIFT,MAT_FLANN,SEL_NN,13.0241,-0.65996
8,SIFT,SIFT,MAT_FLANN,SEL_NN,11.1746,-0.355485
9,SIFT,SIFT,MAT_FLANN,SEL_NN,12.8086,-1.01336
10,SIFT,SIFT,MAT_FLANN,SEL_NN,8.95978,-0.398358
11,SIFT,SIFT,MAT_FLANN,SEL_NN,9.96439,-3.2410799999999997
12,SIFT,SIFT,MAT_FLANN,SEL_NN,9.59863,-0.360402
13,SIFT,SIFT,MAT_FLANN,SEL_NN,8.52157,-0.367191
14,SIFT,SIFT,MAT_FLANN,SEL_NN,9.51552,-47.1472
15,SIFT,SIFT,MAT_FLANN,SEL_NN,9.61241,10.9988
16,SIFT,SIFT,MAT_FLANN,SEL_NN,8.3988,38.596
0,ORB,ORB,MAT_FLANN,SEL_NN,12.6142,17.1604
1,ORB,ORB,MAT_FLANN,SEL_NN,14.091,306.29200000000003
2,ORB,ORB,MAT_FLANN,SEL_NN,16.6894,19.7322
3,ORB,ORB,MAT_FLANN,SEL_NN,15.7465,-inf
4,ORB,ORB,MAT_FLANN,SEL_NN,12.7835,20.6776
5,ORB,ORB,MAT_FLANN,SEL_NN,11.9844,107.431
6,ORB,ORB,MAT_FLANN,SEL_NN,13.1241,10.9911
7,ORB,ORB,MAT_FLANN,SEL_NN,13.0241,179.41
8,ORB,ORB,MAT_FLANN,SEL_NN,11.1746,34.7894
9,ORB,ORB,MAT_FLANN,SEL_NN,12.8086,10.8864
10,ORB,ORB,MAT_FLANN,SEL_NN,8.95978,-inf
11,ORB,ORB,MAT_FLANN,SEL_NN,9.96439,13.300999999999998
12,ORB,ORB,MAT_FLANN,SEL_NN,9.59863,13.6002
13,ORB,ORB,MAT_FLANN,SEL_NN,8.52157,171.916
14,ORB,ORB,MAT_FLANN,SEL_NN,9.51552,8.69457
15,ORB,ORB,MAT_FLANN,SEL_NN,9.61241,26.6808
16,ORB,ORB,MAT_FLANN,SEL_NN,8.3988,21.5083
0,SHITOMASI,ORB,MAT_FLANN,SEL_KNN,12.6142,12.6968
1,SHITOMASI,ORB,MAT_FLANN,SEL_KNN,14.091,11.99
2,SHITOMASI,ORB,MAT_FLANN,SEL_KNN,16.6894,12.5517
3,SHITOMASI,ORB,MAT_FLANN,SEL_KNN,15.7465,12.2747
4,SHITOMASI,ORB,MAT_FLANN,SEL_KNN,12.7835,13.9065
5,SHITOMASI,ORB,MAT_FLANN,SEL_KNN,11.9844,11.9941
6,SHITOMASI,ORB,MAT_FLANN,SEL_KNN,13.1241,12.3776
7,SHITOMASI,ORB,MAT_FLANN,SEL_KNN,13.0241,11.3469
8,SHITOMASI,ORB,MAT_FLANN,SEL_KNN,11.1746,13.3347
9,SHITOMASI,ORB,MAT_FLANN,SEL_KNN,12.8086,11.3246
10,SHITOMASI,ORB,MAT_FLANN,SEL_KNN,8.95978,11.5372
11,SHITOMASI,ORB,MAT_FLANN,SEL_KNN,9.96439,12.269
12,SHITOMASI,ORB,MAT_FLANN,SEL_KNN,9.59863,11.3471
13,SHITOMASI,ORB,MAT_FLANN,SEL_KNN,8.52157,10.4584
14,SHITOMASI,ORB,MAT_FLANN,SEL_KNN,9.51552,11.1729
15,SHITOMASI,ORB,MAT_FLANN,SEL_KNN,9.61241,10.7263
16,SHITOMASI,ORB,MAT_FLANN,SEL_KNN,8.3988,8.08727
0,FAST,ORB,MAT_BF,SEL_NN,12.6142,13.3423
1,FAST,ORB,MAT_BF,SEL_NN,14.091,16.4158
2,FAST,ORB,MAT_BF,SEL_NN,16.6894,19.3254
3,FAST,ORB,MAT_BF,SEL_NN,15.7465,18.6043
4,FAST,ORB,MAT_BF,SEL_NN,12.7835,14.6768
5,FAST,ORB,MAT_BF,SEL_NN,11.9844,16.7115
6,FAST,ORB,MAT_BF,SEL_NN,13.1241,19.0379
7,FAST,ORB,MAT_BF,SEL_NN,13.0241,14.4498
8,FAST,ORB,MAT_BF,SEL_NN,11.1746,13.0837
9,FAST,ORB,MAT_BF,SEL_NN,12.8086,12.7001
10,FAST,ORB,MAT_BF,SEL_NN,8.95978,11.802999999999999
11,FAST,ORB,MAT_BF,SEL_NN,9.96439,13.7436
12,FAST,ORB,MAT_BF,SEL_NN,9.59863,11.5135
13,FAST,ORB,MAT_BF,SEL_NN,8.52157,12.6565
14,FAST,ORB,MAT_BF,SEL_NN,9.51552,11.2297
15,FAST,ORB,MAT_BF,SEL_NN,9.61241,11.4955
16,FAST,ORB,MAT_BF,SEL_NN,8.3988,12.4321
0,SIFT,SIFT,MAT_BF,SEL_NN,12.6142,-0.40113899999999997
1,SIFT,SIFT,MAT_BF,SEL_NN,14.091,-18.269000000000002
2,SIFT,SIFT,MAT_BF,SEL_NN,16.6894,-0.593549
3,SIFT,SIFT,MAT_BF,SEL_NN,15.7465,-0.38435
4,SIFT,SIFT,MAT_BF,SEL_NN,12.7835,33.6547
5,SIFT,SIFT,MAT_BF,SEL_NN,11.9844,-0.255842
6,SIFT,SIFT,MAT_BF,SEL_NN,13.1241,-0.329373
7,SIFT,SIFT,MAT_BF,SEL_NN,13.0241,-0.807389
8,SIFT,SIFT,MAT_BF,SEL_NN,11.1746,23.0917
9,SIFT,SIFT,MAT_BF,SEL_NN,12.8086,-0.9986889999999999
10,SIFT,SIFT,MAT_BF,SEL_NN,8.95978,-0.373427
11,SIFT,SIFT,MAT_BF,SEL_NN,9.96439,106.531
12,SIFT,SIFT,MAT_BF,SEL_NN,9.59863,-0.411836
13,SIFT,SIFT,MAT_BF,SEL_NN,8.52157,-1.43039
14,SIFT,SIFT,MAT_BF,SEL_NN,9.51552,-65.6772
15,SIFT,SIFT,MAT_BF,SEL_NN,9.61241,-6.39234
16,SIFT,SIFT,MAT_BF,SEL_NN,8.3988,-8.10571
0,FAST,BRISK,MAT_BF,SEL_KNN,12.6142,12.3534
1,FAST,BRISK,MAT_BF,SEL_KNN,14.091,12.3379
2,FAST,BRISK,MAT_BF,SEL_KNN,16.6894,12.7
3,FAST,BRISK,MAT_BF,SEL_KNN,15.7465,13.8295
4,FAST,BRISK,MAT_BF,SEL_KNN,12.7835,12.1823
5,FAST,BRISK,MAT_BF,SEL_KNN,11.9844,12.9291
6,FAST,BRISK,MAT_BF,SEL_KNN,13.1241,12.3971
7,FAST,BRISK,MAT_BF,SEL_KNN,13.0241,12.4101
8,FAST,BRISK,MAT_BF,SEL_KNN,11.1746,13.8281
9,FAST,BRISK,MAT_BF,SEL_KNN,12.8086,12.0998
10,FAST,BRISK,MAT_BF,SEL_KNN,8.95978,12.5922
11,FAST,BRISK,MAT_BF,SEL_KNN,9.96439,11.6909
12,FAST,BRISK,MAT_BF,SEL_KNN,9.59863,11.5016
13,FAST,BRISK,MAT_BF,SEL_KNN,8.52157,11.1439
14,FAST,BRISK,MAT_BF,SEL_KNN,9.51552,11.1636
15,FAST,BRISK,MAT_BF,SEL_KNN,9.61241,10.5169
16,FAST,BRISK,MAT_BF,SEL_KNN,8.3988,11.7624
0,SIFT,BRISK,MAT_BF,SEL_NN,12.6142,53.9673
1,SIFT,BRISK,MAT_BF,SEL_NN,14.091,40.9883
2,SIFT,BRISK,MAT_BF,SEL_NN,16.6894,-0.399433
3,SIFT,BRISK,MAT_BF,SEL_NN,15.7465,-0.49180799999999997
4,SIFT,BRISK,MAT_BF,SEL_NN,12.7835,25.1454
5,SIFT,BRISK,MAT_BF,SEL_NN,11.9844,-0.314293
6,SIFT,BRISK,MAT_BF,SEL_NN,13.1241,36.9936
7,SIFT,BRISK,MAT_BF,SEL_NN,13.0241,31.6807
8,SIFT,BRISK,MAT_BF,SEL_NN,11.1746,-1.60085
9,SIFT,BRISK,MAT_BF,SEL_NN,12.8086,25.3401
10,SIFT,BRISK,MAT_BF,SEL_NN,8.95978,21.2164
11,SIFT,BRISK,MAT_BF,SEL_NN,9.96439,-0.420678
12,SIFT,BRISK,MAT_BF,SEL_NN,9.59863,-0.52088
13,SIFT,BRISK,MAT_BF,SEL_NN,8.52157,35.7432
14,SIFT,BRISK,MAT_BF,SEL_NN,9.51552,25.7636
15,SIFT,BRISK,MAT_BF,SEL_NN,9.61241,17.9505
16,SIFT,BRISK,MAT_BF,SEL_NN,8.3988,14.7252
0,AKAZE,AKAZE,MAT_BF,SEL_NN,12.6142,21.0712
1,AKAZE,AKAZE,MAT_BF,SEL_NN,14.091,15.002
2,AKAZE,AKAZE,MAT_BF,SEL_NN,16.6894,20.9137
3,AKAZE,AKAZE,MAT_BF,SEL_NN,15.7465,23.7839
4,AKAZE,AKAZE,MAT_BF,SEL_NN,12.7835,13.6631
5,AKAZE,AKAZE,MAT_BF,SEL_NN,11.9844,16.0322
6,AKAZE,AKAZE,MAT_BF,SEL_NN,13.1241,16.2404
7,AKAZE,AKAZE,MAT_BF,SEL_NN,13.0241,15.2002
8,AKAZE,AKAZE,MAT_BF,SEL_NN,11.1746,13.2875
9,AKAZE,AKAZE,MAT_BF,SEL_NN,12.8086,13.5475
10,AKAZE,AKAZE,MAT_BF,SEL_NN,8.95978,18.7503
11,AKAZE,AKAZE,MAT_BF,SEL_NN,9.96439,12.5258
12,AKAZE,AKAZE,MAT_BF,SEL_NN,9.59863,11.842
13,AKAZE,AKAZE,MAT_BF,SEL_NN,8.52157,19.5116
14,AKAZE,AKAZE,MAT_BF,SEL_NN,9.51552,13.7219
15,AKAZE,AKAZE,MAT_BF,SEL_NN,9.61241,11.3849
16,AKAZE,AKAZE,MAT_BF,SEL_NN,8.3988,9.91155
0,FAST,SIFT,MAT_BF,SEL_KNN,12.5156,12.2747
1,FAST,SIFT,MAT_BF,SEL_KNN,12.6142,11.3986
2,FAST,SIFT,MAT_BF,SEL_KNN,14.091,14.0617
3,FAST,SIFT,MAT_BF,SEL_KNN,16.6894,13.1232
4,FAST,SIFT,MAT_BF,SEL_KNN,15.7465,14.3519
5,FAST,SIFT,MAT_BF,SEL_KNN,12.7835,12.828
6,FAST,SIFT,MAT_BF,SEL_KNN,11.9844,12.409
7,FAST,SIFT,MAT_BF,SEL_KNN,13.1241,12.6899
8,FAST,SIFT,MAT_BF,SEL_KNN,13.0241,12.5506
9,FAST,SIFT,MAT_BF,SEL_KNN,11.1746,12.6708
10,FAST,SIFT,MAT_BF,SEL_KNN,12.8086,11.8062
11,FAST,SIFT,MAT_BF,SEL_KNN,8.95978,11.1726
12,FAST,SIFT,MAT_BF,SEL_KNN,9.96439,11.5632
13,FAST,SIFT,MAT_BF,SEL_KNN,9.59863,11.3432
14,FAST,SIFT,MAT_BF,SEL_KNN,8.52157,10.8743
15,FAST,SIFT,MAT_BF,SEL_KNN,9.51552,10.1671
16,FAST,SIFT,MAT_BF,SEL_KNN,9.61241,9.44764
17,FAST,SIFT,MAT_BF,SEL_KNN,8.3988,10.6624
0,FAST,ORB,MAT_BF,SEL_KNN,12.5156,11.3344
1,FAST,ORB,MAT_BF,SEL_KNN,12.6142,12.3289
2,FAST,ORB,MAT_BF,SEL_KNN,14.091,12.318
3,FAST,ORB,MAT_BF,SEL_KNN,16.6894,12.6028
4,FAST,ORB,MAT_BF,SEL_KNN,15.7465,13.2618
5,FAST,ORB,MAT_BF,SEL_KNN,12.7835,12.4106
6,FAST,ORB,MAT_BF,SEL_KNN,11.9844,13.6643
7,FAST,ORB,MAT_BF,SEL_KNN,13.1241,12.7764
8,FAST,ORB,MAT_BF,SEL_KNN,13.0241,12.4634
9,FAST,ORB,MAT_BF,SEL_KNN,11.1746,12.8653
10,FAST,ORB,MAT_BF,SEL_KNN,12.8086,11.947000000000001
11,FAST,ORB,MAT_BF,SEL_KNN,8.95978,11.2036
12,FAST,ORB,MAT_BF,SEL_KNN,9.96439,11.7216
13,FAST,ORB,MAT_BF,SEL_KNN,9.59863,10.7766
14,FAST,ORB,MAT_BF,SEL_KNN,8.52157,10.4391
15,FAST,ORB,MAT_BF,SEL_KNN,9.51552,10.1523
16,FAST,ORB,MAT_BF,SEL_KNN,9.61241,9.255339999999999
17,FAST,ORB,MAT_BF,SEL_KNN,8.3988,11.3881
0,ORB,BRISK,MAT_FLANN,SEL_NN,12.6142,25.1898
1,ORB,BRISK,MAT_FLANN,SEL_NN,14.091,26.3748
2,ORB,BRISK,MAT_FLANN,SEL_NN,15.7465,-inf
3,ORB,BRISK,MAT_FLANN,SEL_NN,12.7835,12.9729
4,ORB,BRISK,MAT_FLANN,SEL_NN,11.9844,-inf
5,ORB,BRISK,MAT_FLANN,SEL_NN,13.1241,19.3489
6,ORB,BRISK,MAT_FLANN,SEL_NN,13.0241,12.0719
7,ORB,BRISK,MAT_FLANN,SEL_NN,11.1746,33.7794
8,ORB,BRISK,MAT_FLANN,SEL_NN,12.8086,10.7723
9,ORB,BRISK,MAT_FLANN,SEL_NN,8.95978,-inf
10,ORB,BRISK,MAT_FLANN,SEL_NN,9.96439,9.86988
11,ORB,BRISK,MAT_FLANN,SEL_NN,9.59863,11.4024
12,ORB,BRISK,MAT_FLANN,SEL_NN,8.52157,8.50938
13,ORB,BRISK,MAT_FLANN,SEL_NN,9.61241,21.3083
14,ORB,BRISK,MAT_FLANN,SEL_NN,8.3988,18.6402
